-- phpMyAdmin SQL Dump
-- version 3.1.3.1
-- http://www.phpmyadmin.net
--
-- Host: localhost
-- Generation Time: Apr 23, 2009 at 04:06 PM
-- Server version: 5.0.45
-- PHP Version: 5.2.9

SET SQL_MODE="NO_AUTO_VALUE_ON_ZERO";

--
-- Database: `afranco_courses_banner`
--

--
-- Dumping data for table `course_catalog`
--

INSERT INTO `course_catalog` (`catalog_id`, `catalog_title`) VALUES
('BLSE', 'Bread Loaf School of English'),
('MCLS', 'Middlebury College Language Schools'),
('MCSA', 'Middlebury College Schools Abroad'),
('MCUG', 'Middlebury College'),
('MIIS', 'Monterey Institute of International Studies'),
('MMLA', 'Middlebury Monterey Language Academy');

--
-- Dumping data for table `course_catalog_college`
--

INSERT INTO `course_catalog_college` (`catalog_id`, `coll_code`) VALUES
('MCUG', 'UG'),
('MCUG', 'MC'),
('MIIS', 'CB'),
('MIIS', 'CL'),
('MIIS', 'CM'),
('MIIS', 'CN'),
('MIIS', 'CP'),
('MIIS', 'CT'),
('MCLS', 'LA'),
('MCLS', 'LC'),
('MCLS', 'LF'),
('MCLS', 'LG'),
('MCLS', 'LH'),
('MCLS', 'LI'),
('MCLS', 'LJ'),
('MCLS', 'LP'),
('MCLS', 'LR'),
('MCLS', 'LS'),
('MCLS', 'LX'),
('BLSE', 'BL'),
('BLSE', 'WC'),
('MMLA', 'AX'),
('MCSA', 'SA');


--
-- Dumping data for table `course_section_college`
--

-- PHYS 0201
INSERT INTO `course_section_college` (`section_coll_code`, `section_term_code`, `section_crn`) VALUES
('UG', '200390', '90260'),
('UG', '200420', '20242'),
('UG', '200490', '90231'),
('UG', '200590', '90193'),
('UG', '200690', '90176'),
('UG', '200695', '90176'),
('UG', '200790', '90152'),
('UG', '200793', '90152'),
('UG', '200794', '90152'),
('UG', '200795', '90152'),
('UG', '200890', '90143'),
('UG', '200893', '90143'),
('UG', '200894', '90143'),
('UG', '200895', '90143'),
('UG', '200990', '90125'),
('UG', '200993', '90125');

-- GEOL 0250
INSERT INTO `course_section_college` (`section_coll_code`, `section_term_code`, `section_crn`) VALUES
('MC', '200390', '90712'),
('MC', '200390', '90713'),
('MC', '200390', '90714'),
('MC', '200420', '20661'),
('MC', '200420', '20662'),
('MC', '200420', '20663'),
('MC', '200690', '92757'),
('MC', '200690', '92760'),
('MC', '200695', '92757'),
('MC', '200695', '92760'),
('MC', '200790', '92335'),
('MC', '200790', '92337'),
('MC', '200890', '92418'),
('MC', '200890', '92423'),
('MC', '200893', '92418'),
('MC', '200893', '92423'),
('MC', '200894', '92418'),
('MC', '200894', '92423'),
('MC', '200895', '92418'),
('MC', '200895', '92423'),
('MC', '200990', '91632'),
('MC', '200990', '91637');

-- CHEM 0104
INSERT INTO `course_section_college` (`section_coll_code`, `section_term_code`, `section_crn`) VALUES
('UG', '200390', '90085'),
('UG', '200390', '90093'),
('UG', '200390', '90105'),
('UG', '200390', '90113'),
('UG', '200420', '20073'),
('UG', '200420', '20081'),
('UG', '200420', '20092'),
('UG', '200420', '20100'),
('UG', '200420', '21470'),
('UG', '200420', '21475'),
('UG', '200420', '21479'),
('UG', '200420', '21483'),
('UG', '200490', '90066'),
('UG', '200490', '90074'),
('UG', '200490', '90083'),
('UG', '200490', '90091'),
('UG', '200520', '20019'),
('UG', '200520', '20022'),
('UG', '200520', '20024'),
('UG', '200520', '20027'),
('UG', '200520', '20714'),
('UG', '200520', '20719'),
('UG', '200520', '20723'),
('UG', '200520', '20727'),
('UG', '200590', '90056'),
('UG', '200590', '90062'),
('UG', '200590', '90068'),
('UG', '200590', '90074'),
('UG', '200620', '20017'),
('UG', '200620', '20020'),
('UG', '200620', '20022'),
('UG', '200620', '20024'),
('UG', '200620', '20628'),
('UG', '200620', '20631'),
('UG', '200620', '20634'),
('UG', '200620', '20638'),
('UG', '200690', '90051'),
('UG', '200690', '90057'),
('UG', '200690', '90062'),
('UG', '200690', '92704'),
('UG', '200690', '93032'),
('UG', '200690', '93036'),
('UG', '200690', '93037'),
('UG', '200695', '90051'),
('UG', '200695', '90057'),
('UG', '200695', '90062'),
('UG', '200695', '92704'),
('UG', '200695', '93032'),
('UG', '200695', '93036'),
('UG', '200695', '93037'),
('UG', '200720', '20017'),
('UG', '200720', '20020'),
('UG', '200720', '20022'),
('UG', '200720', '20024'),
('UG', '200720', '20571'),
('UG', '200720', '20573'),
('UG', '200720', '20575'),
('UG', '200720', '20578'),
('UG', '200720', '22922'),
('UG', '200723', '20017'),
('UG', '200723', '20020'),
('UG', '200723', '20022'),
('UG', '200723', '20024'),
('UG', '200723', '20571'),
('UG', '200723', '20573'),
('UG', '200723', '20575'),
('UG', '200723', '20578'),
('UG', '200723', '22922'),
('UG', '200724', '20017'),
('UG', '200724', '20020'),
('UG', '200724', '20022'),
('UG', '200724', '20024'),
('UG', '200724', '20571'),
('UG', '200724', '20573'),
('UG', '200724', '20575'),
('UG', '200724', '20578'),
('UG', '200724', '22922'),
('UG', '200725', '20017'),
('UG', '200725', '20020'),
('UG', '200725', '20022'),
('UG', '200725', '20024'),
('UG', '200725', '20571'),
('UG', '200725', '20573'),
('UG', '200725', '20575'),
('UG', '200725', '20578'),
('UG', '200725', '22922'),
('UG', '200790', '90047'),
('UG', '200790', '90052'),
('UG', '200790', '90057'),
('UG', '200790', '92285'),
('UG', '200790', '92591'),
('UG', '200790', '92595'),
('UG', '200790', '92596'),
('UG', '200793', '90047'),
('UG', '200793', '90052'),
('UG', '200793', '90057'),
('UG', '200793', '92285'),
('UG', '200793', '92591'),
('UG', '200793', '92595'),
('UG', '200794', '90047'),
('UG', '200794', '90052'),
('UG', '200794', '90057'),
('UG', '200794', '92285'),
('UG', '200794', '92595'),
('UG', '200795', '90047'),
('UG', '200795', '90052'),
('UG', '200795', '90057'),
('UG', '200795', '92285'),
('UG', '200795', '92595'),
('UG', '200820', '20016'),
('UG', '200820', '20019'),
('UG', '200820', '20021'),
('UG', '200820', '20023'),
('UG', '200820', '20509'),
('UG', '200820', '20510'),
('UG', '200820', '20511'),
('UG', '200820', '20514'),
('UG', '200820', '22255'),
('UG', '200823', '20016'),
('UG', '200823', '20021'),
('UG', '200823', '20023'),
('UG', '200823', '20511'),
('UG', '200823', '20514'),
('UG', '200824', '20016'),
('UG', '200824', '20021'),
('UG', '200824', '20023'),
('UG', '200824', '20511'),
('UG', '200824', '20514'),
('UG', '200825', '20016'),
('UG', '200825', '20021'),
('UG', '200825', '20023'),
('UG', '200825', '20511'),
('UG', '200825', '20514'),
('UG', '200890', '90040'),
('UG', '200890', '90045'),
('UG', '200890', '90050'),
('UG', '200890', '91368'),
('UG', '200890', '91460'),
('UG', '200893', '90040'),
('UG', '200893', '90045'),
('UG', '200893', '90050'),
('UG', '200893', '91368'),
('UG', '200894', '90040'),
('UG', '200894', '90045'),
('UG', '200894', '90050'),
('UG', '200894', '91368'),
('UG', '200895', '90040'),
('UG', '200895', '90045'),
('UG', '200895', '90050'),
('UG', '200895', '91368'),
('UG', '200920', '20016'),
('UG', '200920', '20020'),
('UG', '200920', '20022'),
('UG', '200920', '20489'),
('UG', '200920', '20492'),
('UG', '200920', '22357'),
('UG', '200920', '22358'),
('UG', '200920', '22359'),
('UG', '200923', '20016'),
('UG', '200923', '20020'),
('UG', '200923', '20022'),
('UG', '200923', '20489'),
('UG', '200923', '20492'),
('UG', '200923', '22357'),
('UG', '200923', '22358'),
('UG', '200923', '22359'),
('UG', '200924', '20016'),
('UG', '200924', '20020'),
('UG', '200924', '20022'),
('UG', '200924', '20489'),
('UG', '200924', '20492'),
('UG', '200924', '22357'),
('UG', '200924', '22358'),
('UG', '200924', '22359'),
('UG', '200925', '20016'),
('UG', '200925', '20020'),
('UG', '200925', '20022'),
('UG', '200925', '20489'),
('UG', '200925', '20492'),
('UG', '200925', '22357'),
('UG', '200925', '22358'),
('UG', '200925', '22359'),
('UG', '200990', '90036'),
('UG', '200990', '90041'),
('UG', '200990', '90045'),
('UG', '200990', '91245'),
('UG', '200993', '90036'),
('UG', '200993', '90041'),
('UG', '200993', '90045'),
('UG', '200993', '91245');

--
-- Dumping data for table `scbcrse`
--

-- PHYS 0201
INSERT INTO `scbcrse` (`SCBCRSE_SUBJ_CODE`, `SCBCRSE_CRSE_NUMB`, `SCBCRSE_EFF_TERM`, `SCBCRSE_COLL_CODE`, `SCBCRSE_DIVS_CODE`, `SCBCRSE_DEPT_CODE`, `SCBCRSE_CSTA_CODE`, `SCBCRSE_TITLE`, `SCBCRSE_CIPC_CODE`, `SCBCRSE_CREDIT_HR_IND`, `SCBCRSE_CREDIT_HR_LOW`, `SCBCRSE_CREDIT_HR_HIGH`, `SCBCRSE_LEC_HR_IND`, `SCBCRSE_LEC_HR_LOW`, `SCBCRSE_LEC_HR_HIGH`, `SCBCRSE_LAB_HR_IND`, `SCBCRSE_LAB_HR_LOW`, `SCBCRSE_LAB_HR_HIGH`, `SCBCRSE_OTH_HR_IND`, `SCBCRSE_OTH_HR_LOW`, `SCBCRSE_OTH_HR_HIGH`, `SCBCRSE_BILL_HR_IND`, `SCBCRSE_BILL_HR_LOW`, `SCBCRSE_BILL_HR_HIGH`, `SCBCRSE_APRV_CODE`, `SCBCRSE_REPEAT_LIMIT`, `SCBCRSE_PWAV_CODE`, `SCBCRSE_TUIW_IND`, `SCBCRSE_ADD_FEES_IND`, `SCBCRSE_ACTIVITY_DATE`, `SCBCRSE_CONT_HR_LOW`, `SCBCRSE_CONT_HR_IND`, `SCBCRSE_CONT_HR_HIGH`, `SCBCRSE_CEU_IND`, `SCBCRSE_REPS_CODE`, `SCBCRSE_MAX_RPT_UNITS`, `SCBCRSE_CAPP_PREREQ_TEST_IND`, `SCBCRSE_DUNT_CODE`, `SCBCRSE_NUMBER_OF_UNITS`, `SCBCRSE_DATA_ORIGIN`, `SCBCRSE_USER_ID`) VALUES
('PHYS', '0201', '200390', 'UG', 'NSCI', 'PHYS', 'A', 'Relativity And Quantum Physics', NULL, 'OR', '0.000', '1.000', 'OR', '0.000', '1.000', NULL, NULL, NULL, NULL, NULL, NULL, 'OR', '0.000', '1.000', 'A', '0', NULL, NULL, NULL, '2004-03-02', '0.000', 'OR', '1.000', NULL, NULL, NULL, 'N', NULL, NULL, NULL, NULL),
('PHYS', '0201', '200490', 'UG', 'NSCI', 'PHYS', 'F', 'Relativity And Quantum Physics', NULL, 'OR', '0.000', '1.000', 'OR', '0.000', '1.000', NULL, NULL, NULL, NULL, NULL, NULL, 'OR', '0.000', '1.000', 'A', '0', NULL, NULL, NULL, '2004-03-02', '0.000', 'OR', '1.000', NULL, NULL, NULL, 'N', NULL, NULL, NULL, NULL),
('MATH', '0300', '200390', 'UG', 'NSCI', 'MATH', 'Z', 'Tpc/La & Diff Equatn', NULL, 'OR', '0.000', '1.000', 'OR', '0.000', '1.000', NULL, NULL, NULL, NULL, NULL, NULL, 'OR', '0.000', '1.000', 'A', '0', NULL, NULL, NULL, '2003-01-09', '0.000', 'OR', '1.000', NULL, NULL, NULL, 'N', NULL, NULL, NULL, NULL),
('MATH', '0300', '200490', 'UG', 'NSCI', 'MATH', 'I', 'Tpc/La & Diff Equatn', NULL, 'OR', '0.000', '1.000', 'OR', '0.000', '1.000', NULL, NULL, NULL, NULL, NULL, NULL, 'OR', '0.000', '1.000', 'A', '0', NULL, NULL, NULL, '2004-01-23', '0.000', 'OR', '1.000', NULL, NULL, NULL, 'N', NULL, NULL, NULL, NULL);

-- GEOL 0250
INSERT INTO `scbcrse` (`SCBCRSE_SUBJ_CODE`, `SCBCRSE_CRSE_NUMB`, `SCBCRSE_EFF_TERM`, `SCBCRSE_COLL_CODE`, `SCBCRSE_DIVS_CODE`, `SCBCRSE_DEPT_CODE`, `SCBCRSE_CSTA_CODE`, `SCBCRSE_TITLE`, `SCBCRSE_CIPC_CODE`, `SCBCRSE_CREDIT_HR_IND`, `SCBCRSE_CREDIT_HR_LOW`, `SCBCRSE_CREDIT_HR_HIGH`, `SCBCRSE_LEC_HR_IND`, `SCBCRSE_LEC_HR_LOW`, `SCBCRSE_LEC_HR_HIGH`, `SCBCRSE_LAB_HR_IND`, `SCBCRSE_LAB_HR_LOW`, `SCBCRSE_LAB_HR_HIGH`, `SCBCRSE_OTH_HR_IND`, `SCBCRSE_OTH_HR_LOW`, `SCBCRSE_OTH_HR_HIGH`, `SCBCRSE_BILL_HR_IND`, `SCBCRSE_BILL_HR_LOW`, `SCBCRSE_BILL_HR_HIGH`, `SCBCRSE_APRV_CODE`, `SCBCRSE_REPEAT_LIMIT`, `SCBCRSE_PWAV_CODE`, `SCBCRSE_TUIW_IND`, `SCBCRSE_ADD_FEES_IND`, `SCBCRSE_ACTIVITY_DATE`, `SCBCRSE_CONT_HR_LOW`, `SCBCRSE_CONT_HR_IND`, `SCBCRSE_CONT_HR_HIGH`, `SCBCRSE_CEU_IND`, `SCBCRSE_REPS_CODE`, `SCBCRSE_MAX_RPT_UNITS`, `SCBCRSE_CAPP_PREREQ_TEST_IND`, `SCBCRSE_DUNT_CODE`, `SCBCRSE_NUMBER_OF_UNITS`, `SCBCRSE_DATA_ORIGIN`, `SCBCRSE_USER_ID`) VALUES
('GEOL', '0250', '200390', 'MC', 'NSCI', 'GEOL', 'A', 'Arctic and Alpine Environments', NULL, 'OR', '0.000', '1.000', 'OR', '0.000', '1.000', NULL, NULL, NULL, NULL, NULL, NULL, 'OR', '0.000', '1.000', NULL, '0', NULL, NULL, NULL, '2003-09-10', '0.000', 'OR', '1.000', NULL, NULL, NULL, 'Y', NULL, NULL, NULL, NULL),
('GEOL', '0250', '200490', 'MC', 'NSCI', 'GEOL', 'I', 'Arctic and Alpine Environments', NULL, 'OR', '0.000', '1.000', 'OR', '0.000', '1.000', NULL, NULL, NULL, NULL, NULL, NULL, 'OR', '0.000', '1.000', NULL, '0', NULL, NULL, NULL, '2004-01-22', '0.000', 'OR', '1.000', NULL, NULL, NULL, 'Y', NULL, NULL, NULL, NULL),
('GEOL', '0250', '200590', 'MC', 'NSCI', 'GEOL', 'F', 'Arctic and Alpine Environments', NULL, 'OR', '0.000', '1.000', 'OR', '0.000', '1.000', NULL, NULL, NULL, NULL, NULL, NULL, 'OR', '0.000', '1.000', 'A', '0', NULL, NULL, NULL, '2006-02-08', '0.000', 'OR', '1.000', NULL, NULL, NULL, 'Y', NULL, NULL, 'Banner', 'JAUDET'),
('GEOL', '0250', '200690', 'MC', 'NSCI', 'GEOL', 'A', 'Arctic and Alpine Environments', NULL, 'OR', '0.000', '1.000', 'OR', '0.000', '1.000', NULL, NULL, NULL, NULL, NULL, NULL, 'OR', '0.000', '1.000', 'A', '0', NULL, NULL, NULL, '2007-02-06', '0.000', 'OR', '1.000', NULL, NULL, NULL, 'Y', NULL, NULL, 'Banner', 'JAUDET');

-- CHEM 0104
INSERT INTO `scbcrse` (`SCBCRSE_SUBJ_CODE`, `SCBCRSE_CRSE_NUMB`, `SCBCRSE_EFF_TERM`, `SCBCRSE_COLL_CODE`, `SCBCRSE_DIVS_CODE`, `SCBCRSE_DEPT_CODE`, `SCBCRSE_CSTA_CODE`, `SCBCRSE_TITLE`, `SCBCRSE_CIPC_CODE`, `SCBCRSE_CREDIT_HR_IND`, `SCBCRSE_CREDIT_HR_LOW`, `SCBCRSE_CREDIT_HR_HIGH`, `SCBCRSE_LEC_HR_IND`, `SCBCRSE_LEC_HR_LOW`, `SCBCRSE_LEC_HR_HIGH`, `SCBCRSE_LAB_HR_IND`, `SCBCRSE_LAB_HR_LOW`, `SCBCRSE_LAB_HR_HIGH`, `SCBCRSE_OTH_HR_IND`, `SCBCRSE_OTH_HR_LOW`, `SCBCRSE_OTH_HR_HIGH`, `SCBCRSE_BILL_HR_IND`, `SCBCRSE_BILL_HR_LOW`, `SCBCRSE_BILL_HR_HIGH`, `SCBCRSE_APRV_CODE`, `SCBCRSE_REPEAT_LIMIT`, `SCBCRSE_PWAV_CODE`, `SCBCRSE_TUIW_IND`, `SCBCRSE_ADD_FEES_IND`, `SCBCRSE_ACTIVITY_DATE`, `SCBCRSE_CONT_HR_LOW`, `SCBCRSE_CONT_HR_IND`, `SCBCRSE_CONT_HR_HIGH`, `SCBCRSE_CEU_IND`, `SCBCRSE_REPS_CODE`, `SCBCRSE_MAX_RPT_UNITS`, `SCBCRSE_CAPP_PREREQ_TEST_IND`, `SCBCRSE_DUNT_CODE`, `SCBCRSE_NUMBER_OF_UNITS`, `SCBCRSE_DATA_ORIGIN`, `SCBCRSE_USER_ID`) VALUES
('CHEM', '0104', '200390', 'UG', 'NSCI', 'CHEM', 'A', 'Fundamentals of Chemistry II', NULL, 'OR', '0.000', '1.000', 'OR', '0.000', '1.000', NULL, NULL, NULL, NULL, NULL, NULL, 'OR', '0.000', '1.000', 'A', '0', NULL, NULL, NULL, '2003-01-17', '0.000', 'OR', '1.000', NULL, NULL, NULL, 'N', NULL, NULL, NULL, NULL),
('CHEM', '0104', '200490', 'UG', 'NSCI', 'CHEM', 'B', 'Fundamentals of Chemistry II', NULL, 'OR', '0.000', '1.000', 'OR', '0.000', '1.000', NULL, NULL, NULL, NULL, NULL, NULL, 'OR', '0.000', '1.000', 'A', '0', NULL, NULL, NULL, '2004-01-22', '0.000', 'OR', '1.000', NULL, NULL, NULL, 'N', NULL, NULL, NULL, NULL),
('CHEM', '0104', '200520', 'UG', 'NSCI', 'CHEM', 'B', 'General Chemistry II', NULL, 'OR', '0.000', '1.000', 'OR', '0.000', '1.000', NULL, NULL, NULL, NULL, NULL, NULL, 'OR', '0.000', '1.000', 'A', '0', NULL, NULL, NULL, '2004-11-02', '0.000', 'OR', '1.000', NULL, NULL, NULL, 'N', NULL, NULL, NULL, NULL);



--
-- Dumping data for table `ssbsect`
--

-- PHYS 0201
INSERT INTO `ssbsect` (`SSBSECT_TERM_CODE`, `SSBSECT_CRN`, `SSBSECT_PTRM_CODE`, `SSBSECT_SUBJ_CODE`, `SSBSECT_CRSE_NUMB`, `SSBSECT_SEQ_NUMB`, `SSBSECT_SSTS_CODE`, `SSBSECT_SCHD_CODE`, `SSBSECT_CAMP_CODE`, `SSBSECT_CRSE_TITLE`, `SSBSECT_CREDIT_HRS`, `SSBSECT_BILL_HRS`, `SSBSECT_GMOD_CODE`, `SSBSECT_SAPR_CODE`, `SSBSECT_SESS_CODE`, `SSBSECT_LINK_IDENT`, `SSBSECT_PRNT_IND`, `SSBSECT_GRADABLE_IND`, `SSBSECT_TUIW_IND`, `SSBSECT_REG_ONEUP`, `SSBSECT_PRIOR_ENRL`, `SSBSECT_PROJ_ENRL`, `SSBSECT_MAX_ENRL`, `SSBSECT_ENRL`, `SSBSECT_SEATS_AVAIL`, `SSBSECT_TOT_CREDIT_HRS`, `SSBSECT_CENSUS_ENRL`, `SSBSECT_CENSUS_ENRL_DATE`, `SSBSECT_ACTIVITY_DATE`, `SSBSECT_PTRM_START_DATE`, `SSBSECT_PTRM_END_DATE`, `SSBSECT_PTRM_WEEKS`, `SSBSECT_RESERVED_IND`, `SSBSECT_WAIT_CAPACITY`, `SSBSECT_WAIT_COUNT`, `SSBSECT_WAIT_AVAIL`, `SSBSECT_LEC_HR`, `SSBSECT_LAB_HR`, `SSBSECT_OTH_HR`, `SSBSECT_CONT_HR`, `SSBSECT_ACCT_CODE`, `SSBSECT_ACCL_CODE`, `SSBSECT_CENSUS_2_DATE`, `SSBSECT_ENRL_CUT_OFF_DATE`, `SSBSECT_ACAD_CUT_OFF_DATE`, `SSBSECT_DROP_CUT_OFF_DATE`, `SSBSECT_CENSUS_2_ENRL`, `SSBSECT_VOICE_AVAIL`, `SSBSECT_CAPP_PREREQ_TEST_IND`, `SSBSECT_GSCH_NAME`, `SSBSECT_BEST_OF_COMP`, `SSBSECT_SUBSET_OF_COMP`, `SSBSECT_INSM_CODE`, `SSBSECT_REG_FROM_DATE`, `SSBSECT_REG_TO_DATE`, `SSBSECT_LEARNER_REGSTART_FDATE`, `SSBSECT_LEARNER_REGSTART_TDATE`, `SSBSECT_DUNT_CODE`, `SSBSECT_NUMBER_OF_UNITS`, `SSBSECT_NUMBER_OF_EXTENSIONS`, `SSBSECT_DATA_ORIGIN`, `SSBSECT_USER_ID`, `SSBSECT_INTG_CDE`) VALUES
('200390', '90260', '1', 'PHYS', '0201', 'A', 'A', 'LCT', 'M', NULL, '1.000', '1.000', 'S', NULL, NULL, NULL, 'Y', 'Y', NULL, '35', '0', '25', '45', '29', '16', '29.000', '30', '2003-10-03', '2003-04-09', '2003-09-08', '2003-12-16', '14', 'Y', '0', '0', '0', '1.000', NULL, NULL, '1.000', NULL, NULL, '2003-12-01', '1969-12-31', '1969-12-31', '1969-12-31', '29', 'Y', 'N', NULL, NULL, NULL, NULL, '1969-12-31', '1969-12-31', '1969-12-31', '1969-12-31', NULL, NULL, '0', NULL, NULL, NULL),
('200420', '20242', '1', 'PHYS', '0201', 'A', 'I', 'LCT', 'M', NULL, '1.000', '1.000', 'S', NULL, NULL, NULL, 'Y', 'Y', NULL, '0', '21', '25', '45', '0', '45', '0.000', '0', '2004-03-05', '2003-08-25', '2004-02-09', '2004-05-18', '14', 'Y', '0', '0', '0', '1.000', NULL, NULL, '1.000', NULL, NULL, '2004-05-01', '1969-12-31', '1969-12-31', '1969-12-31', '0', 'Y', 'N', NULL, NULL, NULL, NULL, '1969-12-31', '1969-12-31', '1969-12-31', '1969-12-31', NULL, NULL, '0', NULL, NULL, NULL),
('200490', '90231', '1', 'PHYS', '0201', 'A', 'A', 'LCT', 'M', NULL, '1.000', '1.000', 'S', NULL, NULL, NULL, 'Y', 'Y', NULL, '27', '29', '25', '30', '21', '9', '21.000', '21', '2004-10-08', '2004-03-02', '2004-09-13', '2004-12-10', '12', 'Y', '0', '0', '0', '1.000', NULL, NULL, '1.000', NULL, NULL, '2004-12-01', '1969-12-31', '1969-12-31', '1969-12-31', '21', 'Y', 'N', NULL, NULL, NULL, NULL, '1969-12-31', '1969-12-31', '1969-12-31', '1969-12-31', NULL, NULL, '0', NULL, NULL, NULL),
('200590', '90193', '1', 'PHYS', '0201', 'A', 'A', 'LCT', 'M', NULL, '1.000', '1.000', 'S', NULL, NULL, NULL, 'Y', 'Y', NULL, '30', '21', '30', '30', '27', '3', '27.000', '27', '2005-09-23', '2005-02-28', '2005-09-12', '2005-12-09', '14', 'Y', '0', '0', '0', '1.000', NULL, NULL, '1.000', NULL, NULL, '2005-10-07', '1969-12-31', '1969-12-31', '1969-12-31', '27', 'Y', 'N', NULL, NULL, NULL, NULL, '1969-12-31', '1969-12-31', '1969-12-31', '1969-12-31', NULL, NULL, '0', NULL, NULL, NULL),
('200690', '90176', '1', 'PHYS', '0201', 'A', 'A', 'LCT', 'M', NULL, '1.000', '1.000', 'S', NULL, NULL, NULL, 'Y', 'Y', NULL, '31', '27', '30', '30', '28', '2', '28.000', '28', '2006-09-22', '2006-10-13', '2006-09-11', '2006-12-08', '14', 'Y', '0', '0', '0', '1.000', NULL, NULL, '1.000', NULL, NULL, '1969-12-31', '1969-12-31', '1969-12-31', '1969-12-31', '0', 'Y', 'N', NULL, NULL, NULL, NULL, '1969-12-31', '1969-12-31', '1969-12-31', '1969-12-31', NULL, NULL, '0', 'Banner', 'GGOTTLIE', NULL),
('200695', '90176', '1', 'PHYS', '0201', 'A', 'A', 'LCT', 'M', NULL, '1.000', '1.000', 'S', NULL, NULL, NULL, 'Y', 'Y', NULL, '4', '20', '30', '30', '4', '26', '4.000', '4', '2006-09-22', '2006-06-21', '2006-09-11', '2006-12-08', '14', 'Y', '0', '0', '0', '1.000', NULL, NULL, '1.000', NULL, NULL, '1969-12-31', '1969-12-31', '1969-12-31', '1969-12-31', '0', 'Y', 'N', NULL, NULL, NULL, NULL, '1969-12-31', '1969-12-31', '1969-12-31', '1969-12-31', NULL, NULL, '0', 'Banner', 'WWW_USER', NULL),
('200790', '90152', '1', 'PHYS', '0201', 'A', 'A', 'LCT', 'M', NULL, '1.000', '1.000', 'S', NULL, NULL, NULL, 'Y', 'Y', NULL, '26', '28', '30', '30', '23', '7', '23.000', '23', '2007-09-21', '2007-09-19', '2007-09-10', '2007-12-07', '14', 'Y', '0', '0', '0', '1.000', NULL, NULL, '1.000', NULL, NULL, '1969-12-31', '1969-12-31', '1969-12-31', '1969-12-31', '0', 'Y', 'N', NULL, NULL, NULL, NULL, '1969-12-31', '1969-12-31', '1969-12-31', '1969-12-31', NULL, NULL, '0', 'Banner', 'MBARTZ', NULL),
('200793', '90152', '1', 'PHYS', '0201', 'A', 'A', 'LCT', 'M', NULL, '1.000', '1.000', 'S', NULL, NULL, NULL, 'Y', 'Y', NULL, '7', '0', '30', '30', '7', '23', '7.000', '7', '2007-09-21', '2007-04-25', '2007-09-10', '2007-12-18', '14', 'Y', '0', '0', '0', '1.000', NULL, NULL, '1.000', NULL, NULL, '1969-12-31', '1969-12-31', '1969-12-31', '1969-12-31', '0', 'Y', 'N', NULL, NULL, NULL, NULL, '1969-12-31', '1969-12-31', '1969-12-31', '1969-12-31', NULL, NULL, '0', 'Banner', 'WWW_USER', NULL),
('200794', '90152', '1', 'PHYS', '0201', 'A', 'I', 'LCT', 'M', NULL, '1.000', '1.000', 'S', NULL, NULL, NULL, 'Y', 'Y', NULL, '0', '19', '30', '30', '0', '30', '0.000', '0', '2007-09-21', '2007-06-13', '2007-09-10', '2007-12-07', '14', 'Y', '0', '0', '0', '1.000', NULL, NULL, '1.000', NULL, NULL, '1969-12-31', '1969-12-31', '1969-12-31', '1969-12-31', '0', 'Y', 'N', NULL, NULL, NULL, NULL, '1969-12-31', '1969-12-31', '1969-12-31', '1969-12-31', NULL, NULL, '0', 'Banner', 'KWEISS', NULL),
('200795', '90152', '1', 'PHYS', '0201', 'A', 'A', 'LCT', 'M', NULL, '1.000', '1.000', 'S', NULL, NULL, NULL, 'Y', 'Y', NULL, '6', '19', '30', '30', '6', '24', '6.000', '6', '2007-09-21', '2007-06-27', '2007-09-10', '2007-12-07', '14', 'Y', '0', '0', '0', '1.000', NULL, NULL, '1.000', NULL, NULL, '1969-12-31', '1969-12-31', '1969-12-31', '1969-12-31', '0', 'Y', 'N', NULL, NULL, NULL, NULL, '1969-12-31', '1969-12-31', '1969-12-31', '1969-12-31', NULL, NULL, '0', 'Banner', 'WWW_USER', NULL),
('200890', '90143', '1', 'PHYS', '0201', 'A', 'A', 'LCT', 'M', NULL, '1.000', '1.000', 'S', NULL, NULL, NULL, 'Y', 'Y', NULL, '33', '23', '30', '30', '25', '5', '25.000', '26', '2008-09-19', '2008-10-10', '2008-09-08', '2008-12-05', '14', 'Y', '0', '0', '0', '1.000', NULL, NULL, '1.000', NULL, NULL, '1969-12-31', '1969-12-31', '1969-12-31', '1969-12-31', '0', 'Y', 'N', NULL, NULL, NULL, NULL, '1969-12-31', '1969-12-31', '1969-12-31', '1969-12-31', NULL, NULL, '0', 'Banner', 'MBARTZ', NULL),
('200893', '90143', '1', 'PHYS', '0201', 'A', 'A', 'LCT', 'M', NULL, '1.000', '1.000', 'S', NULL, NULL, NULL, 'Y', 'Y', NULL, '6', '0', '30', '30', '6', '24', '6.000', '6', '2008-09-19', '2008-04-22', '2008-09-08', '2008-12-16', '14', 'Y', '0', '0', '0', '1.000', NULL, NULL, '1.000', NULL, NULL, '1969-12-31', '1969-12-31', '1969-12-31', '1969-12-31', '0', 'Y', 'N', NULL, NULL, NULL, NULL, '1969-12-31', '1969-12-31', '1969-12-31', '1969-12-31', NULL, NULL, '0', 'Banner', 'WWW_USER', NULL),
('200894', '90143', '1', 'PHYS', '0201', 'A', 'I', 'LCT', 'M', NULL, '1.000', '1.000', 'S', NULL, NULL, NULL, 'Y', 'Y', NULL, '0', '19', '30', '30', '0', '30', '0.000', '0', '2008-09-19', '2008-05-27', '2008-09-08', '2008-12-05', '14', 'Y', '0', '0', '0', '1.000', NULL, NULL, '1.000', NULL, NULL, '2008-10-01', '1969-12-31', '1969-12-31', '1969-12-31', '0', 'Y', 'N', NULL, NULL, NULL, NULL, '1969-12-31', '1969-12-31', '1969-12-31', '1969-12-31', NULL, NULL, '0', 'Banner', 'JFEEHAN', NULL),
('200895', '90143', '1', 'PHYS', '0201', 'A', 'A', 'LCT', 'M', NULL, '1.000', '1.000', 'S', NULL, NULL, NULL, 'Y', 'Y', NULL, '2', '19', '30', '30', '2', '28', '2.000', '2', '2008-09-19', '2008-06-25', '2008-09-08', '2008-12-05', '14', 'Y', '0', '0', '0', '1.000', NULL, NULL, '1.000', NULL, NULL, '2008-10-01', '1969-12-31', '1969-12-31', '1969-12-31', '2', 'Y', 'N', NULL, NULL, NULL, NULL, '1969-12-31', '1969-12-31', '1969-12-31', '1969-12-31', NULL, NULL, '0', 'Banner', 'WWW_USER', NULL),
('200990', '90125', '1', 'PHYS', '0201', 'A', 'A', 'LCT', 'M', NULL, '1.000', '1.000', 'S', NULL, NULL, NULL, 'Y', 'Y', NULL, '0', '25', '30', '30', '0', '30', '0.000', '0', '2009-09-18', '2009-02-10', '2009-09-07', '2009-12-04', '14', 'Y', '0', '0', '0', '1.000', NULL, NULL, '1.000', NULL, NULL, '1969-12-31', '1969-12-31', '1969-12-31', '1969-12-31', '0', 'Y', 'N', NULL, NULL, NULL, NULL, '1969-12-31', '1969-12-31', '1969-12-31', '1969-12-31', NULL, NULL, '0', 'Banner', 'JFEEHAN', NULL),
('200993', '90125', '1', 'PHYS', '0201', 'A', 'A', 'LCT', 'M', NULL, '1.000', '1.000', 'S', NULL, NULL, NULL, 'Y', 'Y', NULL, '4', '0', '30', '30', '2', '28', '2.000', '2', '2009-09-18', '2009-04-17', '2009-09-07', '2009-12-04', '14', 'Y', '0', '0', '0', '1.000', NULL, NULL, '1.000', NULL, NULL, '1969-12-31', '1969-12-31', '1969-12-31', '1969-12-31', '0', 'Y', 'N', NULL, NULL, NULL, NULL, '1969-12-31', '1969-12-31', '1969-12-31', '1969-12-31', NULL, NULL, '0', 'Banner', 'WWW_USER', NULL);

-- GEOL 0250
INSERT INTO `ssbsect` (`SSBSECT_TERM_CODE`, `SSBSECT_CRN`, `SSBSECT_PTRM_CODE`, `SSBSECT_SUBJ_CODE`, `SSBSECT_CRSE_NUMB`, `SSBSECT_SEQ_NUMB`, `SSBSECT_SSTS_CODE`, `SSBSECT_SCHD_CODE`, `SSBSECT_CAMP_CODE`, `SSBSECT_CRSE_TITLE`, `SSBSECT_CREDIT_HRS`, `SSBSECT_BILL_HRS`, `SSBSECT_GMOD_CODE`, `SSBSECT_SAPR_CODE`, `SSBSECT_SESS_CODE`, `SSBSECT_LINK_IDENT`, `SSBSECT_PRNT_IND`, `SSBSECT_GRADABLE_IND`, `SSBSECT_TUIW_IND`, `SSBSECT_REG_ONEUP`, `SSBSECT_PRIOR_ENRL`, `SSBSECT_PROJ_ENRL`, `SSBSECT_MAX_ENRL`, `SSBSECT_ENRL`, `SSBSECT_SEATS_AVAIL`, `SSBSECT_TOT_CREDIT_HRS`, `SSBSECT_CENSUS_ENRL`, `SSBSECT_CENSUS_ENRL_DATE`, `SSBSECT_ACTIVITY_DATE`, `SSBSECT_PTRM_START_DATE`, `SSBSECT_PTRM_END_DATE`, `SSBSECT_PTRM_WEEKS`, `SSBSECT_RESERVED_IND`, `SSBSECT_WAIT_CAPACITY`, `SSBSECT_WAIT_COUNT`, `SSBSECT_WAIT_AVAIL`, `SSBSECT_LEC_HR`, `SSBSECT_LAB_HR`, `SSBSECT_OTH_HR`, `SSBSECT_CONT_HR`, `SSBSECT_ACCT_CODE`, `SSBSECT_ACCL_CODE`, `SSBSECT_CENSUS_2_DATE`, `SSBSECT_ENRL_CUT_OFF_DATE`, `SSBSECT_ACAD_CUT_OFF_DATE`, `SSBSECT_DROP_CUT_OFF_DATE`, `SSBSECT_CENSUS_2_ENRL`, `SSBSECT_VOICE_AVAIL`, `SSBSECT_CAPP_PREREQ_TEST_IND`, `SSBSECT_GSCH_NAME`, `SSBSECT_BEST_OF_COMP`, `SSBSECT_SUBSET_OF_COMP`, `SSBSECT_INSM_CODE`, `SSBSECT_REG_FROM_DATE`, `SSBSECT_REG_TO_DATE`, `SSBSECT_LEARNER_REGSTART_FDATE`, `SSBSECT_LEARNER_REGSTART_TDATE`, `SSBSECT_DUNT_CODE`, `SSBSECT_NUMBER_OF_UNITS`, `SSBSECT_NUMBER_OF_EXTENSIONS`, `SSBSECT_DATA_ORIGIN`, `SSBSECT_USER_ID`, `SSBSECT_INTG_CDE`) VALUES
('200390', '90712', '1', 'GEOL', '0250', 'A', 'A', 'LCT', 'M', NULL, '1.000', '1.000', 'S', NULL, NULL, 'L1', 'Y', 'Y', NULL, '9', '0', '15', '24', '9', '15', '9.000', '8', '2003-10-03', '2003-05-28', '2003-09-08', '2003-12-16', '14', NULL, '0', '0', '0', '1.000', NULL, NULL, '1.000', NULL, NULL, '2003-12-01', '1969-12-31', '1969-12-31', '1969-12-31', '8', 'Y', 'N', NULL, NULL, NULL, NULL, '1969-12-31', '1969-12-31', '1969-12-31', '1969-12-31', NULL, NULL, '0', NULL, NULL, NULL),
('200390', '90713', '1', 'GEOL', '0250', 'Y', 'A', 'LAB', 'M', 'Arctic and Alpine Environ Lab', '0.000', '0.000', 'C', NULL, NULL, 'B1', 'Y', 'Y', NULL, '0', '0', '9', '15', '0', '15', '0.000', '0', '2003-10-03', '2003-06-16', '2003-09-08', '2003-12-16', '14', NULL, '0', '0', '0', '0.000', NULL, NULL, '0.000', NULL, NULL, '2003-12-01', '1969-12-31', '1969-12-31', '1969-12-31', '0', 'N', 'N', NULL, NULL, NULL, NULL, '1969-12-31', '1969-12-31', '1969-12-31', '1969-12-31', NULL, NULL, '0', NULL, NULL, NULL),
('200390', '90714', '1', 'GEOL', '0250', 'Z', 'A', 'LAB', 'M', 'Arctic and Alpine Environ Lab', '0.000', '0.000', 'C', NULL, NULL, 'B1', 'Y', 'Y', NULL, '6', '0', '9', '15', '6', '9', '0.000', '6', '2003-10-03', '2003-06-16', '2003-09-08', '2003-12-16', '14', NULL, '0', '0', '0', '0.000', NULL, NULL, '0.000', NULL, NULL, '2003-12-01', '1969-12-31', '1969-12-31', '1969-12-31', '6', 'Y', 'N', NULL, NULL, NULL, NULL, '1969-12-31', '1969-12-31', '1969-12-31', '1969-12-31', NULL, NULL, '0', NULL, NULL, NULL),
('200420', '20661', '1', 'GEOL', '0250', 'A', 'I', 'LCT', 'M', NULL, '1.000', '1.000', 'S', NULL, NULL, 'L1', 'Y', 'Y', NULL, '0', '5', '15', '24', '0', '24', '0.000', '0', '2004-03-05', '2003-09-04', '2004-02-09', '2004-05-18', '14', NULL, '0', '0', '0', '1.000', NULL, NULL, '1.000', NULL, NULL, '2004-05-01', '1969-12-31', '1969-12-31', '1969-12-31', '0', 'Y', 'N', NULL, NULL, NULL, NULL, '1969-12-31', '1969-12-31', '1969-12-31', '1969-12-31', NULL, NULL, '0', NULL, NULL, NULL),
('200420', '20662', '1', 'GEOL', '0250', 'Y', 'I', 'LAB', 'M', 'Arctic and Alpine Environ Lab', '0.000', '0.000', 'C', NULL, NULL, 'B1', 'Y', 'Y', NULL, '0', '0', '9', '15', '0', '15', '0.000', '0', '2004-03-05', '2003-09-04', '2004-02-09', '2004-05-18', '14', NULL, '0', '0', '0', '0.000', NULL, NULL, '0.000', NULL, NULL, '2004-05-01', '1969-12-31', '1969-12-31', '1969-12-31', '0', 'N', 'N', NULL, NULL, NULL, NULL, '1969-12-31', '1969-12-31', '1969-12-31', '1969-12-31', NULL, NULL, '0', NULL, NULL, NULL),
('200420', '20663', '1', 'GEOL', '0250', 'Z', 'I', 'LAB', 'M', 'Arctic and Alpine Environ Lab', '0.000', '0.000', 'C', NULL, NULL, 'B1', 'Y', 'Y', NULL, '0', '5', '9', '15', '0', '15', '0.000', '0', '2004-03-05', '2003-09-04', '2004-02-09', '2004-05-18', '14', NULL, '0', '0', '0', '0.000', NULL, NULL, '0.000', NULL, NULL, '2004-05-01', '1969-12-31', '1969-12-31', '1969-12-31', '0', 'Y', 'N', NULL, NULL, NULL, NULL, '1969-12-31', '1969-12-31', '1969-12-31', '1969-12-31', NULL, NULL, '0', NULL, NULL, NULL),
('200690', '92757', '1', 'GEOL', '0250', 'A', 'A', 'LCT', 'M', NULL, '1.000', '1.000', 'S', NULL, NULL, 'L1', 'Y', 'Y', NULL, '13', '0', '13', '13', '10', '3', '10.000', '10', '2006-09-22', '2006-09-12', '2006-09-11', '2006-12-08', '14', NULL, '0', '0', '0', NULL, NULL, NULL, '1.000', NULL, NULL, '1969-12-31', '1969-12-31', '1969-12-31', '1969-12-31', '0', 'Y', 'Y', NULL, NULL, NULL, NULL, '1969-12-31', '1969-12-31', '1969-12-31', '1969-12-31', NULL, NULL, '0', 'Banner', 'WWW_USER', NULL),
('200690', '92760', '1', 'GEOL', '0250', 'Z', 'A', 'LAB', 'M', 'Arctic+Alpine Environments Lab', '0.000', '0.000', 'C', NULL, NULL, 'B1', 'Y', 'Y', NULL, '13', '0', '13', '13', '10', '3', '0.000', '10', '2006-09-22', '2006-09-12', '2006-09-11', '2006-12-08', '14', NULL, '0', '0', '0', NULL, NULL, NULL, '0.000', NULL, NULL, '1969-12-31', '1969-12-31', '1969-12-31', '1969-12-31', '0', 'Y', 'N', NULL, NULL, NULL, NULL, '1969-12-31', '1969-12-31', '1969-12-31', '1969-12-31', NULL, NULL, '0', 'Banner', 'WWW_USER', NULL),
('200695', '92757', '1', 'GEOL', '0250', 'A', 'A', 'LCT', 'M', NULL, '1.000', '1.000', 'S', NULL, NULL, 'L1', 'Y', 'Y', NULL, '0', '12', '13', '13', '0', '13', '0.000', '0', '2006-09-22', '2006-06-08', '2006-09-11', '2006-12-08', '14', NULL, '0', '0', '0', NULL, NULL, NULL, '1.000', NULL, NULL, '1969-12-31', '1969-12-31', '1969-12-31', '1969-12-31', '0', 'Y', 'Y', NULL, NULL, NULL, NULL, '1969-12-31', '1969-12-31', '1969-12-31', '1969-12-31', NULL, NULL, '0', 'Banner', 'KWEISS', NULL),
('200695', '92760', '1', 'GEOL', '0250', 'Z', 'I', 'LAB', 'M', 'Arctic+Alpine Environments Lab', '0.000', '0.000', 'C', NULL, NULL, 'B1', 'Y', 'Y', NULL, '0', '12', '13', '13', '0', '13', '0.000', '0', '2006-09-22', '2006-06-08', '2006-09-11', '2006-12-08', '14', NULL, '0', '0', '0', NULL, NULL, NULL, '0.000', NULL, NULL, '1969-12-31', '1969-12-31', '1969-12-31', '1969-12-31', '0', 'Y', 'N', NULL, NULL, NULL, NULL, '1969-12-31', '1969-12-31', '1969-12-31', '1969-12-31', NULL, NULL, '0', 'Banner', 'KWEISS', NULL),
('200790', '92335', '1', 'GEOL', '0250', 'A', 'I', 'LCT', 'M', NULL, '1.000', '1.000', 'S', NULL, NULL, 'L1', 'Y', 'Y', NULL, '0', '10', '13', '13', '0', '13', '0.000', '0', '2007-09-21', '2007-02-19', '2007-09-10', '2007-12-07', '14', NULL, '0', '0', '0', NULL, NULL, NULL, '1.000', NULL, NULL, '1969-12-31', '1969-12-31', '1969-12-31', '1969-12-31', '0', 'Y', 'Y', NULL, NULL, NULL, NULL, '1969-12-31', '1969-12-31', '1969-12-31', '1969-12-31', NULL, NULL, '0', 'Banner', 'JAUDET', NULL),
('200790', '92337', '1', 'GEOL', '0250', 'Z', 'I', 'LAB', 'M', 'Arctic+Alpine Environments Lab', '0.000', '0.000', 'C', NULL, NULL, 'B1', 'Y', 'Y', NULL, '0', '10', '13', '13', '0', '13', '0.000', '0', '2007-09-21', '2007-02-19', '2007-09-10', '2007-12-07', '14', NULL, '0', '0', '0', NULL, NULL, NULL, '0.000', NULL, NULL, '1969-12-31', '1969-12-31', '1969-12-31', '1969-12-31', '0', 'Y', 'N', NULL, NULL, NULL, NULL, '1969-12-31', '1969-12-31', '1969-12-31', '1969-12-31', NULL, NULL, '0', 'Banner', 'JAUDET', NULL),
('200890', '92418', '1', 'GEOL', '0250', 'A', 'A', 'LCT', 'M', NULL, '1.000', '1.000', 'S', NULL, NULL, 'L1', 'Y', 'Y', NULL, '18', '0', '14', '14', '13', '1', '13.000', '13', '2008-09-19', '2008-09-16', '2008-09-08', '2008-12-05', '14', NULL, '0', '0', '0', NULL, NULL, NULL, '1.000', NULL, NULL, '1969-12-31', '1969-12-31', '1969-12-31', '1969-12-31', '0', 'Y', 'Y', NULL, NULL, NULL, NULL, '1969-12-31', '1969-12-31', '1969-12-31', '1969-12-31', NULL, NULL, '0', 'Banner', 'WWW_USER', NULL),
('200890', '92423', '1', 'GEOL', '0250', 'Z', 'A', 'LAB', 'M', 'Arctic and Alpine Environ. Lab', '0.000', '0.000', 'C', NULL, NULL, 'B1', 'Y', 'Y', NULL, '18', '0', '14', '14', '13', '1', '0.000', '13', '2008-09-19', '2008-09-16', '2008-09-08', '2008-12-05', '14', NULL, '0', '0', '0', NULL, NULL, NULL, '0.000', NULL, NULL, '1969-12-31', '1969-12-31', '1969-12-31', '1969-12-31', '0', 'Y', 'N', NULL, NULL, NULL, NULL, '1969-12-31', '1969-12-31', '1969-12-31', '1969-12-31', NULL, NULL, '0', 'Banner', 'WWW_USER', NULL),
('200893', '92418', '1', 'GEOL', '0250', 'A', 'A', 'LCT', 'M', NULL, '1.000', '1.000', 'S', NULL, NULL, 'L1', 'Y', 'Y', NULL, '6', '0', '14', '14', '4', '10', '4.000', '4', '2008-09-19', '2008-04-17', '2008-09-08', '2008-12-16', '14', NULL, '0', '0', '0', NULL, NULL, NULL, '1.000', NULL, NULL, '1969-12-31', '1969-12-31', '1969-12-31', '1969-12-31', '0', 'Y', 'Y', NULL, NULL, NULL, NULL, '1969-12-31', '1969-12-31', '1969-12-31', '1969-12-31', NULL, NULL, '0', 'Banner', 'WWW_USER', NULL),
('200893', '92423', '1', 'GEOL', '0250', 'Z', 'A', 'LAB', 'M', 'Arctic and Alpine Environ. Lab', '0.000', '0.000', 'C', NULL, NULL, 'B1', 'Y', 'Y', NULL, '6', '0', '14', '14', '4', '10', '0.000', '4', '2008-09-19', '2008-04-17', '2008-09-08', '2008-12-16', '14', NULL, '0', '0', '0', NULL, NULL, NULL, '0.000', NULL, NULL, '1969-12-31', '1969-12-31', '1969-12-31', '1969-12-31', '0', 'Y', 'N', NULL, NULL, NULL, NULL, '1969-12-31', '1969-12-31', '1969-12-31', '1969-12-31', NULL, NULL, '0', 'Banner', 'WWW_USER', NULL),
('200894', '92418', '1', 'GEOL', '0250', 'A', 'I', 'LCT', 'M', NULL, '1.000', '1.000', 'S', NULL, NULL, 'L1', 'Y', 'Y', NULL, '0', '14', '14', '14', '0', '14', '0.000', '0', '2008-09-19', '2008-05-27', '2008-09-08', '2008-12-05', '14', NULL, '0', '0', '0', NULL, NULL, NULL, '1.000', NULL, NULL, '2008-10-01', '1969-12-31', '1969-12-31', '1969-12-31', '0', 'Y', 'Y', NULL, NULL, NULL, NULL, '1969-12-31', '1969-12-31', '1969-12-31', '1969-12-31', NULL, NULL, '0', 'Banner', 'JFEEHAN', NULL),
('200894', '92423', '1', 'GEOL', '0250', 'Z', 'I', 'LAB', 'M', 'Arctic and Alpine Environ. Lab', '0.000', '0.000', 'C', NULL, NULL, 'B1', 'Y', 'Y', NULL, '0', '14', '14', '14', '0', '14', '0.000', '0', '2008-09-19', '2008-05-27', '2008-09-08', '2008-12-05', '14', NULL, '0', '0', '0', NULL, NULL, NULL, '0.000', NULL, NULL, '2008-10-01', '1969-12-31', '1969-12-31', '1969-12-31', '0', 'Y', 'N', NULL, NULL, NULL, NULL, '1969-12-31', '1969-12-31', '1969-12-31', '1969-12-31', NULL, NULL, '0', 'Banner', 'JFEEHAN', NULL),
('200895', '92418', '1', 'GEOL', '0250', 'A', 'A', 'LCT', 'M', NULL, '1.000', '1.000', 'S', NULL, NULL, 'L1', 'Y', 'Y', NULL, '0', '14', '14', '14', '0', '14', '0.000', '0', '2008-09-19', '2008-05-27', '2008-09-08', '2008-12-05', '14', NULL, '0', '0', '0', NULL, NULL, NULL, '1.000', NULL, NULL, '2008-10-01', '1969-12-31', '1969-12-31', '1969-12-31', '0', 'Y', 'Y', NULL, NULL, NULL, NULL, '1969-12-31', '1969-12-31', '1969-12-31', '1969-12-31', NULL, NULL, '0', 'Banner', 'JFEEHAN', NULL),
('200895', '92423', '1', 'GEOL', '0250', 'Z', 'I', 'LAB', 'M', 'Arctic and Alpine Environ. Lab', '0.000', '0.000', 'C', NULL, NULL, 'B1', 'Y', 'Y', NULL, '0', '14', '14', '14', '0', '14', '0.000', '0', '2008-09-19', '2008-05-27', '2008-09-08', '2008-12-05', '14', NULL, '0', '0', '0', NULL, NULL, NULL, '0.000', NULL, NULL, '2008-10-01', '1969-12-31', '1969-12-31', '1969-12-31', '0', 'Y', 'N', NULL, NULL, NULL, NULL, '1969-12-31', '1969-12-31', '1969-12-31', '1969-12-31', NULL, NULL, '0', 'Banner', 'JFEEHAN', NULL),
('200990', '91632', '1', 'GEOL', '0250', 'A', 'I', 'LCT', 'M', NULL, '1.000', '1.000', 'S', NULL, NULL, 'L1', 'Y', 'Y', NULL, '0', '13', '14', '14', '0', '14', '0.000', '0', '2009-09-18', '2009-02-12', '2009-09-07', '2009-12-04', '14', NULL, '0', '0', '0', NULL, NULL, NULL, '1.000', NULL, NULL, '1969-12-31', '1969-12-31', '1969-12-31', '1969-12-31', '0', 'Y', 'Y', NULL, NULL, NULL, NULL, '1969-12-31', '1969-12-31', '1969-12-31', '1969-12-31', NULL, NULL, '0', 'Banner', 'JAUDET', NULL),
('200990', '91637', '1', 'GEOL', '0250', 'Z', 'I', 'LAB', 'M', 'Arctic and Alpine Environ. Lab', '0.000', '0.000', 'C', NULL, NULL, 'B1', 'Y', 'Y', NULL, '0', '13', '14', '14', '0', '14', '0.000', '0', '2009-09-18', '2009-02-12', '2009-09-07', '2009-12-04', '14', NULL, '0', '0', '0', NULL, NULL, NULL, '0.000', NULL, NULL, '1969-12-31', '1969-12-31', '1969-12-31', '1969-12-31', '0', 'Y', 'N', NULL, NULL, NULL, NULL, '1969-12-31', '1969-12-31', '1969-12-31', '1969-12-31', NULL, NULL, '0', 'Banner', 'JAUDET', NULL);

-- CHEM 0104
INSERT INTO `ssbsect` (`SSBSECT_TERM_CODE`, `SSBSECT_CRN`, `SSBSECT_PTRM_CODE`, `SSBSECT_SUBJ_CODE`, `SSBSECT_CRSE_NUMB`, `SSBSECT_SEQ_NUMB`, `SSBSECT_SSTS_CODE`, `SSBSECT_SCHD_CODE`, `SSBSECT_CAMP_CODE`, `SSBSECT_CRSE_TITLE`, `SSBSECT_CREDIT_HRS`, `SSBSECT_BILL_HRS`, `SSBSECT_GMOD_CODE`, `SSBSECT_SAPR_CODE`, `SSBSECT_SESS_CODE`, `SSBSECT_LINK_IDENT`, `SSBSECT_PRNT_IND`, `SSBSECT_GRADABLE_IND`, `SSBSECT_TUIW_IND`, `SSBSECT_REG_ONEUP`, `SSBSECT_PRIOR_ENRL`, `SSBSECT_PROJ_ENRL`, `SSBSECT_MAX_ENRL`, `SSBSECT_ENRL`, `SSBSECT_SEATS_AVAIL`, `SSBSECT_TOT_CREDIT_HRS`, `SSBSECT_CENSUS_ENRL`, `SSBSECT_CENSUS_ENRL_DATE`, `SSBSECT_ACTIVITY_DATE`, `SSBSECT_PTRM_START_DATE`, `SSBSECT_PTRM_END_DATE`, `SSBSECT_PTRM_WEEKS`, `SSBSECT_RESERVED_IND`, `SSBSECT_WAIT_CAPACITY`, `SSBSECT_WAIT_COUNT`, `SSBSECT_WAIT_AVAIL`, `SSBSECT_LEC_HR`, `SSBSECT_LAB_HR`, `SSBSECT_OTH_HR`, `SSBSECT_CONT_HR`, `SSBSECT_ACCT_CODE`, `SSBSECT_ACCL_CODE`, `SSBSECT_CENSUS_2_DATE`, `SSBSECT_ENRL_CUT_OFF_DATE`, `SSBSECT_ACAD_CUT_OFF_DATE`, `SSBSECT_DROP_CUT_OFF_DATE`, `SSBSECT_CENSUS_2_ENRL`, `SSBSECT_VOICE_AVAIL`, `SSBSECT_CAPP_PREREQ_TEST_IND`, `SSBSECT_GSCH_NAME`, `SSBSECT_BEST_OF_COMP`, `SSBSECT_SUBSET_OF_COMP`, `SSBSECT_INSM_CODE`, `SSBSECT_REG_FROM_DATE`, `SSBSECT_REG_TO_DATE`, `SSBSECT_LEARNER_REGSTART_FDATE`, `SSBSECT_LEARNER_REGSTART_TDATE`, `SSBSECT_DUNT_CODE`, `SSBSECT_NUMBER_OF_UNITS`, `SSBSECT_NUMBER_OF_EXTENSIONS`, `SSBSECT_DATA_ORIGIN`, `SSBSECT_USER_ID`, `SSBSECT_INTG_CDE`) VALUES
('200390', '90085', '1', 'CHEM', '0104', 'A', 'A', 'LCT', 'M', NULL, '1.000', '1.000', 'S', NULL, NULL, 'L1', 'Y', 'Y', NULL, '31', '0', '35', '48', '27', '21', '27.000', '29', '2003-10-03', '2003-04-16', '2003-09-08', '2003-12-16', '14', 'Y', '0', '0', '0', '1.000', NULL, NULL, '1.000', NULL, NULL, '2003-12-01', '1969-12-31', '1969-12-31', '1969-12-31', '27', 'Y', 'N', NULL, NULL, NULL, NULL, '1969-12-31', '1969-12-31', '1969-12-31', '1969-12-31', NULL, NULL, '0', NULL, NULL, NULL),
('200390', '90093', '1', 'CHEM', '0104', 'T', 'A', 'DSC', 'M', 'Discussion', '0.000', '0.000', 'S', NULL, NULL, 'D1', 'Y', 'N', NULL, '28', '0', '35', '48', '25', '23', '0.000', '25', '2003-10-03', '2003-05-19', '2003-09-08', '2003-12-16', '14', 'Y', '0', '0', '0', '0.000', NULL, NULL, '0.000', NULL, NULL, '2003-12-01', '1969-12-31', '1969-12-31', '1969-12-31', '25', 'Y', 'N', NULL, NULL, NULL, NULL, '1969-12-31', '1969-12-31', '1969-12-31', '1969-12-31', NULL, NULL, '0', NULL, NULL, NULL),
('200390', '90105', '1', 'CHEM', '0104', 'W', 'A', 'LAB', 'M', 'Fundamentals Chemistry II Lab', '0.000', '0.000', 'C', NULL, NULL, 'B1', 'Y', 'Y', NULL, '19', '0', '18', '24', '17', '7', '0.000', '18', '2003-10-03', '2003-05-19', '2003-09-08', '2003-12-16', '14', 'Y', '0', '0', '0', '0.000', NULL, NULL, '0.000', NULL, NULL, '2003-12-01', '1969-12-31', '1969-12-31', '1969-12-31', '17', 'Y', 'N', NULL, NULL, NULL, NULL, '1969-12-31', '1969-12-31', '1969-12-31', '1969-12-31', NULL, NULL, '0', NULL, NULL, NULL),
('200390', '90113', '1', 'CHEM', '0104', 'Y', 'A', 'LAB', 'M', 'Fundamentals Chemistry II Lab', '0.000', '0.000', 'C', NULL, NULL, 'B1', 'Y', 'Y', NULL, '13', '0', '18', '24', '9', '15', '0.000', '10', '2003-10-03', '2003-05-19', '2003-09-08', '2003-12-16', '14', 'Y', '0', '0', '0', '0.000', NULL, NULL, '0.000', NULL, NULL, '2003-12-01', '1969-12-31', '1969-12-31', '1969-12-31', '9', 'Y', 'N', NULL, NULL, NULL, NULL, '1969-12-31', '1969-12-31', '1969-12-31', '1969-12-31', NULL, NULL, '0', NULL, NULL, NULL),
('200420', '20073', '1', 'CHEM', '0104', 'A', 'A', 'LCT', 'M', NULL, '1.000', '1.000', 'S', NULL, NULL, 'L1', 'Y', 'Y', NULL, '85', '22', '76', '96', '68', '28', '192.000', '68', '2004-03-05', '2003-11-24', '2004-02-09', '2004-05-18', '14', 'Y', '50', '0', '50', '1.000', NULL, NULL, '1.000', 'E', NULL, '2004-05-01', '1969-12-31', '1969-12-31', '1969-12-31', '68', 'Y', 'N', NULL, NULL, NULL, NULL, '1969-12-31', '1969-12-31', '1969-12-31', '1969-12-31', NULL, NULL, '0', NULL, NULL, NULL),
('200420', '20081', '1', 'CHEM', '0104', 'T', 'A', 'DSC', 'M', 'Discussion', '0.000', '0.000', 'S', NULL, NULL, 'D1', 'Y', 'N', NULL, '30', '20', '32', '32', '22', '10', '0.000', '22', '2004-03-05', '2003-11-24', '2004-02-09', '2004-05-18', '14', 'Y', '0', '0', '0', '0.000', NULL, NULL, '0.000', NULL, NULL, '2004-05-01', '1969-12-31', '1969-12-31', '1969-12-31', '22', 'Y', 'N', NULL, NULL, NULL, NULL, '1969-12-31', '1969-12-31', '1969-12-31', '1969-12-31', NULL, NULL, '0', NULL, NULL, NULL),
('200420', '20092', '1', 'CHEM', '0104', 'W', 'A', 'LAB', 'M', 'Fundamentals Chemistry II Lab', '0.000', '0.000', 'C', NULL, NULL, 'B1', 'Y', 'Y', NULL, '27', '12', '18', '24', '22', '2', '0.000', '22', '2004-03-05', '2003-09-25', '2004-02-09', '2004-05-18', '14', 'Y', '0', '0', '0', '0.000', NULL, NULL, '0.000', NULL, NULL, '2004-05-01', '1969-12-31', '1969-12-31', '1969-12-31', '22', 'Y', 'N', NULL, NULL, NULL, NULL, '1969-12-31', '1969-12-31', '1969-12-31', '1969-12-31', NULL, NULL, '0', NULL, NULL, NULL),
('200420', '20100', '1', 'CHEM', '0104', 'Y', 'A', 'LAB', 'M', 'Fundamentals Chemistry II Lab', '0.000', '0.000', 'C', NULL, NULL, 'B1', 'Y', 'Y', NULL, '17', '9', '18', '24', '11', '13', '0.000', '11', '2004-03-05', '2003-08-21', '2004-02-09', '2004-05-18', '14', 'Y', '0', '0', '0', '0.000', NULL, NULL, '0.000', NULL, NULL, '2004-05-01', '1969-12-31', '1969-12-31', '1969-12-31', '11', 'Y', 'N', NULL, NULL, NULL, NULL, '1969-12-31', '1969-12-31', '1969-12-31', '1969-12-31', NULL, NULL, '0', NULL, NULL, NULL),
('200420', '21470', '1', 'CHEM', '0104', 'U', 'A', 'DSC', 'M', 'Discussion', '0.000', '0.000', 'S', NULL, NULL, 'D1', 'Y', 'N', NULL, '29', '0', '32', '32', '19', '13', '0.000', '19', '2004-03-05', '2003-11-24', '2004-02-09', '2004-05-18', '14', 'Y', '0', '0', '0', '0.000', NULL, NULL, '0.000', NULL, NULL, '2004-05-01', '1969-12-31', '1969-12-31', '1969-12-31', '19', 'Y', 'N', NULL, NULL, NULL, NULL, '1969-12-31', '1969-12-31', '1969-12-31', '1969-12-31', NULL, NULL, '0', NULL, NULL, NULL),
('200420', '21475', '1', 'CHEM', '0104', 'V', 'A', 'DSC', 'M', 'Discussion', '0.000', '0.000', 'S', NULL, NULL, 'D1', 'Y', 'N', NULL, '29', '0', '32', '32', '26', '6', '0.000', '26', '2004-03-05', '2003-11-24', '2004-02-09', '2004-05-18', '14', 'Y', '0', '0', '0', '0.000', NULL, NULL, '0.000', NULL, NULL, '2004-05-01', '1969-12-31', '1969-12-31', '1969-12-31', '26', 'Y', 'N', NULL, NULL, NULL, NULL, '1969-12-31', '1969-12-31', '1969-12-31', '1969-12-31', NULL, NULL, '0', NULL, NULL, NULL),
('200420', '21479', '1', 'CHEM', '0104', 'X', 'A', 'LAB', 'M', 'Fundamentals Chemistry II Lab', '0.000', '0.000', 'C', NULL, NULL, 'B1', 'Y', 'Y', NULL, '33', '0', '18', '24', '23', '1', '0.000', '23', '2004-03-05', '2003-09-25', '2004-02-09', '2004-05-18', '14', NULL, '0', '0', '0', '0.000', NULL, NULL, '0.000', NULL, NULL, '2004-05-01', '1969-12-31', '1969-12-31', '1969-12-31', '23', 'Y', 'N', NULL, NULL, NULL, NULL, '1969-12-31', '1969-12-31', '1969-12-31', '1969-12-31', NULL, NULL, '0', NULL, NULL, NULL),
('200420', '21483', '1', 'CHEM', '0104', 'Z', 'A', 'LAB', 'M', 'Fundamentals Chemistry II Lab', '0.000', '0.000', 'C', NULL, NULL, 'B1', 'Y', 'Y', NULL, '27', '0', '18', '24', '12', '12', '0.000', '12', '2004-03-05', '2003-09-25', '2004-02-09', '2004-05-18', '14', NULL, '0', '0', '0', '0.000', NULL, NULL, '0.000', NULL, NULL, '2004-05-01', '1969-12-31', '1969-12-31', '1969-12-31', '12', 'Y', 'N', NULL, NULL, NULL, NULL, '1969-12-31', '1969-12-31', '1969-12-31', '1969-12-31', NULL, NULL, '0', NULL, NULL, NULL),
('200490', '90066', '1', 'CHEM', '0104', 'A', 'A', 'LCT', 'M', NULL, '1.000', '1.000', 'S', NULL, NULL, 'L1', 'Y', 'Y', NULL, '28', '27', '35', '48', '24', '24', '24.000', '24', '2004-10-08', '2004-02-05', '2004-09-13', '2004-12-10', '12', NULL, '0', '0', '0', '1.000', NULL, NULL, '1.000', NULL, NULL, '2004-12-01', '1969-12-31', '1969-12-31', '1969-12-31', '24', 'Y', 'N', NULL, NULL, NULL, NULL, '1969-12-31', '1969-12-31', '1969-12-31', '1969-12-31', NULL, NULL, '0', NULL, NULL, NULL),
('200490', '90074', '1', 'CHEM', '0104', 'T', 'A', 'DSC', 'M', 'Discussion', '0.000', '0.000', 'S', NULL, NULL, 'D1', 'Y', 'N', NULL, '28', '25', '25', '48', '24', '24', '0.000', '24', '2004-10-08', '2004-02-27', '2004-09-13', '2004-12-10', '12', NULL, '0', '0', '0', '0.000', NULL, NULL, '0.000', NULL, NULL, '2004-12-01', '1969-12-31', '1969-12-31', '1969-12-31', '24', 'Y', 'N', NULL, NULL, NULL, NULL, '1969-12-31', '1969-12-31', '1969-12-31', '1969-12-31', NULL, NULL, '0', NULL, NULL, NULL),
('200490', '90083', '1', 'CHEM', '0104', 'W', 'A', 'LAB', 'M', 'Fundamentals Chemistry II Lab', '0.000', '0.000', 'C', NULL, NULL, 'B1', 'Y', 'Y', NULL, '15', '17', '25', '48', '11', '37', '0.000', '11', '2004-10-08', '2004-02-27', '2004-09-13', '2004-12-10', '12', NULL, '0', '0', '0', '0.000', NULL, NULL, '0.000', NULL, NULL, '2004-12-01', '1969-12-31', '1969-12-31', '1969-12-31', '11', 'Y', 'N', NULL, NULL, NULL, NULL, '1969-12-31', '1969-12-31', '1969-12-31', '1969-12-31', NULL, NULL, '0', NULL, NULL, NULL),
('200490', '90091', '1', 'CHEM', '0104', 'Y', 'A', 'LAB', 'M', 'Fundamentals Chemistry II Lab', '0.000', '0.000', 'C', NULL, NULL, 'B1', 'Y', 'Y', NULL, '15', '9', '25', '48', '13', '35', '0.000', '13', '2004-10-08', '2004-02-27', '2004-09-13', '2004-12-10', '12', NULL, '0', '0', '0', '0.000', NULL, NULL, '0.000', NULL, NULL, '2004-12-01', '1969-12-31', '1969-12-31', '1969-12-31', '13', 'Y', 'N', NULL, NULL, NULL, NULL, '1969-12-31', '1969-12-31', '1969-12-31', '1969-12-31', NULL, NULL, '0', NULL, NULL, NULL),
('200520', '20019', '1', 'CHEM', '0104', 'A', 'A', 'LCT', 'M', NULL, '1.000', '1.000', 'S', NULL, NULL, 'L1', 'Y', 'Y', NULL, '81', '68', '76', '96', '63', '33', '63.000', '61', '2005-02-18', '2004-09-30', '2005-02-07', '2005-05-06', '14', NULL, '50', '0', '50', '1.000', NULL, NULL, '1.000', 'E', NULL, '2004-03-04', '1969-12-31', '1969-12-31', '1969-12-31', '0', 'Y', 'N', NULL, NULL, NULL, NULL, '1969-12-31', '1969-12-31', '1969-12-31', '1969-12-31', NULL, NULL, '0', NULL, NULL, NULL),
('200520', '20022', '1', 'CHEM', '0104', 'T', 'A', 'DSC', 'M', 'Discussion', '0.000', '0.000', 'S', NULL, NULL, 'D1', 'Y', 'N', NULL, '38', '22', '36', '36', '29', '7', '0.000', '29', '2005-02-18', '2004-09-30', '2005-02-07', '2005-05-06', '14', NULL, '0', '0', '0', '0.000', NULL, NULL, '0.000', NULL, NULL, '2004-03-04', '1969-12-31', '1969-12-31', '1969-12-31', '0', 'Y', 'N', NULL, NULL, NULL, NULL, '1969-12-31', '1969-12-31', '1969-12-31', '1969-12-31', NULL, NULL, '0', NULL, NULL, NULL),
('200520', '20024', '1', 'CHEM', '0104', 'W', 'A', 'LAB', 'M', 'General Chemistry II Lab', '0.000', '0.000', 'C', NULL, NULL, 'B1', 'Y', 'Y', NULL, '22', '22', '18', '24', '15', '9', '0.000', '15', '2005-02-18', '2004-11-02', '2005-02-07', '2005-05-06', '14', NULL, '0', '0', '0', '0.000', NULL, NULL, '0.000', NULL, NULL, '2004-03-04', '1969-12-31', '1969-12-31', '1969-12-31', '0', 'Y', 'N', NULL, NULL, NULL, NULL, '1969-12-31', '1969-12-31', '1969-12-31', '1969-12-31', NULL, NULL, '0', NULL, NULL, NULL),
('200520', '20027', '1', 'CHEM', '0104', 'Y', 'A', 'LAB', 'M', 'General Chemistry II Lab', '0.000', '0.000', 'C', NULL, NULL, 'B1', 'Y', 'Y', NULL, '21', '11', '18', '24', '15', '9', '0.000', '13', '2005-02-18', '2004-11-02', '2005-02-07', '2005-05-06', '14', NULL, '0', '0', '0', '0.000', NULL, NULL, '0.000', NULL, NULL, '2004-03-04', '1969-12-31', '1969-12-31', '1969-12-31', '0', 'Y', 'N', NULL, NULL, NULL, NULL, '1969-12-31', '1969-12-31', '1969-12-31', '1969-12-31', NULL, NULL, '0', NULL, NULL, NULL),
('200520', '20714', '1', 'CHEM', '0104', 'U', 'A', 'DSC', 'M', 'Discussion', '0.000', '0.000', 'S', NULL, NULL, 'D1', 'Y', 'N', NULL, '45', '19', '36', '36', '33', '3', '0.000', '32', '2005-02-18', '2004-09-30', '2005-02-07', '2005-05-06', '14', NULL, '0', '0', '0', '0.000', NULL, NULL, '0.000', NULL, NULL, '2004-03-04', '1969-12-31', '1969-12-31', '1969-12-31', '0', 'Y', 'N', NULL, NULL, NULL, NULL, '1969-12-31', '1969-12-31', '1969-12-31', '1969-12-31', NULL, NULL, '0', NULL, NULL, NULL),
('200520', '20719', '1', 'CHEM', '0104', 'V', 'A', 'DSC', 'M', 'Discussion', '0.000', '0.000', 'S', NULL, NULL, 'D1', 'N', 'N', NULL, '0', '26', '36', '36', '0', '36', '0.000', '0', '2005-02-18', '2004-09-30', '2005-02-07', '2005-05-06', '14', NULL, '0', '0', '0', '0.000', NULL, NULL, '0.000', NULL, NULL, '2004-03-04', '1969-12-31', '1969-12-31', '1969-12-31', '0', 'N', 'N', NULL, NULL, NULL, NULL, '1969-12-31', '1969-12-31', '1969-12-31', '1969-12-31', NULL, NULL, '0', NULL, NULL, NULL),
('200520', '20723', '1', 'CHEM', '0104', 'X', 'A', 'LAB', 'M', 'General Chemistry II Lab', '0.000', '0.000', 'C', NULL, NULL, 'B1', 'Y', 'Y', NULL, '27', '23', '18', '24', '22', '2', '0.000', '21', '2005-02-18', '2004-11-02', '2005-02-07', '2005-05-06', '14', NULL, '0', '0', '0', '0.000', NULL, NULL, '0.000', NULL, NULL, '2004-03-04', '1969-12-31', '1969-12-31', '1969-12-31', '0', 'Y', 'N', NULL, NULL, NULL, NULL, '1969-12-31', '1969-12-31', '1969-12-31', '1969-12-31', NULL, NULL, '0', NULL, NULL, NULL),
('200520', '20727', '1', 'CHEM', '0104', 'Z', 'A', 'LAB', 'M', 'General Chemistry II Lab', '0.000', '0.000', 'C', NULL, NULL, 'B1', 'Y', 'Y', NULL, '18', '12', '18', '24', '11', '13', '0.000', '11', '2005-02-18', '2004-11-02', '2005-02-07', '2005-05-06', '14', NULL, '0', '0', '0', '0.000', NULL, NULL, '0.000', NULL, NULL, '2004-03-04', '1969-12-31', '1969-12-31', '1969-12-31', '0', 'Y', 'N', NULL, NULL, NULL, NULL, '1969-12-31', '1969-12-31', '1969-12-31', '1969-12-31', NULL, NULL, '0', NULL, NULL, NULL),
('200590', '90056', '1', 'CHEM', '0104', 'A', 'A', 'LCT', 'M', NULL, '1.000', '1.000', 'S', NULL, NULL, 'L1', 'Y', 'Y', NULL, '33', '24', '35', '48', '30', '18', '30.000', '28', '2005-09-23', '2005-09-27', '2005-09-12', '2005-12-09', '14', NULL, '0', '0', '0', '1.000', NULL, NULL, '1.000', NULL, NULL, '2005-10-07', '1969-12-31', '1969-12-31', '1969-12-31', '30', 'Y', 'N', NULL, NULL, NULL, NULL, '1969-12-31', '1969-12-31', '1969-12-31', '1969-12-31', NULL, NULL, '0', NULL, 'JMNUCEDE', NULL),
('200590', '90062', '1', 'CHEM', '0104', 'T', 'A', 'DSC', 'M', 'Discussion', '0.000', '0.000', 'S', NULL, NULL, 'D1', 'Y', 'N', NULL, '33', '24', '25', '48', '30', '18', '0.000', '28', '2005-09-23', '2005-09-27', '2005-09-12', '2005-12-09', '14', NULL, '0', '0', '0', '0.000', NULL, NULL, '0.000', NULL, NULL, '2005-10-07', '1969-12-31', '1969-12-31', '1969-12-31', '30', 'Y', 'N', NULL, NULL, NULL, NULL, '1969-12-31', '1969-12-31', '1969-12-31', '1969-12-31', NULL, NULL, '0', NULL, 'JMNUCEDE', NULL),
('200590', '90068', '1', 'CHEM', '0104', 'W', 'A', 'LAB', 'M', 'General Chemistry II Lab', '0.000', '0.000', 'C', NULL, NULL, 'B1', 'Y', 'Y', NULL, '19', '11', '24', '24', '16', '8', '0.000', '14', '2005-09-23', '2005-09-27', '2005-09-12', '2005-12-09', '14', NULL, '0', '0', '0', '0.000', NULL, NULL, '0.000', NULL, NULL, '2005-10-07', '1969-12-31', '1969-12-31', '1969-12-31', '16', 'Y', 'N', NULL, NULL, NULL, NULL, '1969-12-31', '1969-12-31', '1969-12-31', '1969-12-31', NULL, NULL, '0', NULL, 'JMNUCEDE', NULL),
('200590', '90074', '1', 'CHEM', '0104', 'Y', 'A', 'LAB', 'M', 'General Chemistry II Lab', '0.000', '0.000', 'C', NULL, NULL, 'B1', 'Y', 'Y', NULL, '15', '13', '24', '24', '14', '10', '0.000', '14', '2005-09-23', '2005-09-09', '2005-09-12', '2005-12-09', '14', NULL, '0', '0', '0', '0.000', NULL, NULL, '0.000', NULL, NULL, '2005-10-07', '1969-12-31', '1969-12-31', '1969-12-31', '14', 'Y', 'N', NULL, NULL, NULL, NULL, '1969-12-31', '1969-12-31', '1969-12-31', '1969-12-31', NULL, NULL, '0', NULL, NULL, NULL),
('200620', '20017', '1', 'CHEM', '0104', 'A', 'A', 'LCT', 'M', NULL, '1.000', '1.000', 'S', NULL, NULL, 'L1', 'Y', 'Y', NULL, '60', '63', '76', '96', '49', '47', '49.000', '50', '2006-03-10', '2006-03-21', '2006-02-13', '2006-05-12', '14', NULL, '0', '0', '0', '1.000', NULL, NULL, '1.000', 'E', NULL, '2006-03-17', '1969-12-31', '1969-12-31', '1969-12-31', '50', 'Y', 'N', NULL, NULL, NULL, NULL, '1969-12-31', '1969-12-31', '1969-12-31', '1969-12-31', NULL, NULL, '0', 'Banner', 'GGOTTLIE', NULL),
('200620', '20020', '1', 'CHEM', '0104', 'T', 'A', 'DSC', 'M', 'Discussion', '0.000', '0.000', 'S', NULL, NULL, 'D1', 'Y', 'N', NULL, '19', '29', '36', '36', '15', '21', '0.000', '15', '2006-03-10', '2006-02-21', '2006-02-13', '2006-05-12', '14', NULL, '0', '0', '0', '0.000', NULL, NULL, '0.000', NULL, NULL, '2006-03-17', '1969-12-31', '1969-12-31', '1969-12-31', '15', 'Y', 'N', NULL, NULL, NULL, NULL, '1969-12-31', '1969-12-31', '1969-12-31', '1969-12-31', NULL, NULL, '0', NULL, 'WWW_USER', NULL),
('200620', '20022', '1', 'CHEM', '0104', 'W', 'A', 'LAB', 'M', 'General Chemistry II Lab', '0.000', '0.000', 'C', NULL, NULL, 'B1', 'Y', 'Y', NULL, '13', '15', '18', '18', '10', '8', '0.000', '8', '2006-03-10', '2006-04-03', '2006-02-13', '2006-05-12', '14', NULL, '0', '0', '0', '0.000', NULL, NULL, '0.000', NULL, NULL, '2006-03-17', '1969-12-31', '1969-12-31', '1969-12-31', '8', 'Y', 'N', NULL, NULL, NULL, NULL, '1969-12-31', '1969-12-31', '1969-12-31', '1969-12-31', NULL, NULL, '0', 'Banner', 'GGOTTLIE', NULL),
('200620', '20024', '1', 'CHEM', '0104', 'Y', 'A', 'LAB', 'M', 'General Chemistry II Lab', '0.000', '0.000', 'C', NULL, NULL, 'B1', 'Y', 'Y', NULL, '19', '15', '18', '18', '13', '5', '0.000', '15', '2006-03-10', '2006-04-03', '2006-02-13', '2006-05-12', '14', NULL, '0', '0', '0', '0.000', NULL, NULL, '0.000', NULL, NULL, '2006-03-17', '1969-12-31', '1969-12-31', '1969-12-31', '15', 'Y', 'N', NULL, NULL, NULL, NULL, '1969-12-31', '1969-12-31', '1969-12-31', '1969-12-31', NULL, NULL, '0', 'Banner', 'GGOTTLIE', NULL),
('200620', '20628', '1', 'CHEM', '0104', 'U', 'A', 'DSC', 'M', 'Discussion', '0.000', '0.000', 'S', NULL, NULL, 'D1', 'Y', 'N', NULL, '37', '33', '36', '36', '29', '7', '0.000', '30', '2006-03-10', '2006-03-21', '2006-02-13', '2006-05-12', '14', NULL, '0', '0', '0', '0.000', NULL, NULL, '0.000', NULL, NULL, '2006-03-17', '1969-12-31', '1969-12-31', '1969-12-31', '30', 'Y', 'N', NULL, NULL, NULL, NULL, '1969-12-31', '1969-12-31', '1969-12-31', '1969-12-31', NULL, NULL, '0', NULL, 'GGOTTLIE', NULL),
('200620', '20631', '1', 'CHEM', '0104', 'V', 'A', 'DSC', 'M', 'Discussion', '0.000', '0.000', 'S', NULL, NULL, 'D1', 'Y', 'N', NULL, '9', '0', '36', '36', '7', '29', '0.000', '7', '2006-03-10', '2006-02-24', '2006-02-13', '2006-05-12', '14', NULL, '0', '0', '0', '0.000', NULL, NULL, '0.000', NULL, NULL, '2006-03-17', '1969-12-31', '1969-12-31', '1969-12-31', '7', 'Y', 'N', NULL, NULL, NULL, NULL, '1969-12-31', '1969-12-31', '1969-12-31', '1969-12-31', NULL, NULL, '0', 'Banner', 'JFEEHAN', NULL),
('200620', '20634', '1', 'CHEM', '0104', 'X', 'A', 'LAB', 'M', 'General Chemistry II Lab', '0.000', '0.000', 'C', NULL, NULL, 'B1', 'Y', 'Y', NULL, '19', '22', '18', '18', '13', '5', '0.000', '14', '2006-03-10', '2006-04-03', '2006-02-13', '2006-05-12', '14', NULL, '0', '0', '0', '0.000', NULL, NULL, '0.000', NULL, NULL, '2006-03-17', '1969-12-31', '1969-12-31', '1969-12-31', '14', 'Y', 'N', NULL, NULL, NULL, NULL, '1969-12-31', '1969-12-31', '1969-12-31', '1969-12-31', NULL, NULL, '0', 'Banner', 'GGOTTLIE', NULL),
('200620', '20638', '1', 'CHEM', '0104', 'Z', 'A', 'LAB', 'M', 'General Chemistry II Lab', '0.000', '0.000', 'C', NULL, NULL, 'B1', 'Y', 'Y', NULL, '20', '11', '18', '18', '14', '4', '0.000', '14', '2006-03-10', '2006-02-24', '2006-02-13', '2006-05-12', '14', NULL, '0', '0', '0', '0.000', NULL, NULL, '0.000', NULL, NULL, '2006-03-17', '1969-12-31', '1969-12-31', '1969-12-31', '14', 'Y', 'N', NULL, NULL, NULL, NULL, '1969-12-31', '1969-12-31', '1969-12-31', '1969-12-31', NULL, NULL, '0', 'Banner', 'JFEEHAN', NULL),
('200690', '90051', '1', 'CHEM', '0104', 'A', 'A', 'LCT', 'M', NULL, '1.000', '1.000', 'S', NULL, NULL, 'L1', 'Y', 'Y', NULL, '43', '30', '48', '60', '36', '24', '36.000', '36', '2006-09-22', '2006-10-10', '2006-09-11', '2006-12-08', '14', NULL, '0', '0', '0', '1.000', NULL, NULL, '1.000', NULL, NULL, '1969-12-31', '1969-12-31', '1969-12-31', '1969-12-31', '0', 'Y', 'N', NULL, NULL, NULL, NULL, '1969-12-31', '1969-12-31', '1969-12-31', '1969-12-31', NULL, NULL, '0', 'Banner', 'GGOTTLIE', NULL),
('200690', '90057', '1', 'CHEM', '0104', 'T', 'A', 'DSC', 'M', 'Discussion', '0.000', '0.000', 'S', NULL, NULL, 'D1', 'Y', 'N', NULL, '30', '30', '25', '20', '19', '1', '0.000', '19', '2006-09-22', '2006-10-10', '2006-09-11', '2006-12-08', '14', NULL, '0', '0', '0', '0.000', NULL, NULL, '0.000', NULL, NULL, '1969-12-31', '1969-12-31', '1969-12-31', '1969-12-31', '0', 'Y', 'N', NULL, NULL, NULL, NULL, '1969-12-31', '1969-12-31', '1969-12-31', '1969-12-31', NULL, NULL, '0', 'Banner', 'GGOTTLIE', NULL),
('200690', '90062', '1', 'CHEM', '0104', 'W', 'A', 'LAB', 'M', 'General Chemistry II Lab', '0.000', '0.000', 'C', NULL, NULL, 'B1', 'Y', 'Y', NULL, '22', '16', '20', '20', '16', '4', '0.000', '16', '2006-09-22', '2006-10-10', '2006-09-11', '2006-12-08', '14', NULL, '0', '0', '0', '0.000', NULL, NULL, '0.000', NULL, NULL, '1969-12-31', '1969-12-31', '1969-12-31', '1969-12-31', '0', 'Y', 'N', NULL, NULL, NULL, NULL, '1969-12-31', '1969-12-31', '1969-12-31', '1969-12-31', NULL, NULL, '0', 'Banner', 'GGOTTLIE', NULL),
('200690', '92704', '1', 'CHEM', '0104', 'Z', 'A', 'LAB', 'M', 'General Chemistry II Lab', '0.000', '0.000', 'C', NULL, NULL, 'B1', 'Y', 'Y', NULL, '6', '0', '20', '20', '0', '20', '0.000', '0', '2006-09-22', '2007-02-14', '2006-09-11', '2006-12-08', '14', NULL, '0', '0', '0', '0.000', NULL, NULL, '0.000', NULL, NULL, '1969-12-31', '1969-12-31', '1969-12-31', '1969-12-31', '0', 'Y', 'N', NULL, NULL, NULL, NULL, '1969-12-31', '1969-12-31', '1969-12-31', '1969-12-31', NULL, NULL, '0', 'Banner', 'JAUDET', NULL),
('200690', '93032', '1', 'CHEM', '0104', 'Y', 'A', 'LAB', 'M', 'General Chemistry II Lab', '0.000', '0.000', 'C', NULL, NULL, 'B1', 'Y', 'Y', NULL, '19', '0', '20', '20', '17', '3', '0.000', '17', '2006-09-22', '2006-09-22', '2006-09-11', '2006-12-08', '14', NULL, '0', '0', '0', '0.000', NULL, NULL, '0.000', NULL, NULL, '1969-12-31', '1969-12-31', '1969-12-31', '1969-12-31', '0', 'Y', 'N', NULL, NULL, NULL, NULL, '1969-12-31', '1969-12-31', '1969-12-31', '1969-12-31', NULL, NULL, '0', 'Banner', 'GGOTTLIE', NULL),
('200690', '93036', '1', 'CHEM', '0104', 'U', 'A', 'DSC', 'M', 'Discussion', '0.000', '0.000', 'S', NULL, NULL, 'D1', 'Y', 'N', NULL, '15', '0', '25', '20', '14', '6', '0.000', '14', '2006-09-22', '2006-09-22', '2006-09-11', '2006-12-08', '14', NULL, '0', '0', '0', '0.000', NULL, NULL, '0.000', NULL, NULL, '1969-12-31', '1969-12-31', '1969-12-31', '1969-12-31', '0', 'Y', 'N', NULL, NULL, NULL, NULL, '1969-12-31', '1969-12-31', '1969-12-31', '1969-12-31', NULL, NULL, '0', 'Banner', 'GGOTTLIE', NULL),
('200690', '93037', '1', 'CHEM', '0104', 'V', 'A', 'DSC', 'M', 'Discussion', '0.000', '0.000', 'S', NULL, NULL, 'D1', 'Y', 'N', NULL, '3', '0', '25', '20', '0', '20', '0.000', '0', '2006-09-22', '2007-02-14', '2006-09-11', '2006-12-08', '14', NULL, '0', '0', '0', '0.000', NULL, NULL, '0.000', NULL, NULL, '1969-12-31', '1969-12-31', '1969-12-31', '1969-12-31', '0', 'Y', 'N', NULL, NULL, NULL, NULL, '1969-12-31', '1969-12-31', '1969-12-31', '1969-12-31', NULL, NULL, '0', 'Banner', 'JAUDET', NULL),
('200695', '90051', '1', 'CHEM', '0104', 'A', 'A', 'LCT', 'M', NULL, '1.000', '1.000', 'S', NULL, NULL, 'L1', 'Y', 'Y', NULL, '5', '25', '48', '60', '5', '55', '5.000', '5', '2006-09-22', '2006-06-21', '2006-09-11', '2006-12-08', '14', NULL, '0', '0', '0', '1.000', NULL, NULL, '1.000', NULL, NULL, '1969-12-31', '1969-12-31', '1969-12-31', '1969-12-31', '0', 'Y', 'N', NULL, NULL, NULL, NULL, '1969-12-31', '1969-12-31', '1969-12-31', '1969-12-31', NULL, NULL, '0', 'Banner', 'WWW_USER', NULL),
('200695', '90057', '1', 'CHEM', '0104', 'T', 'I', 'DSC', 'M', 'Discussion', '0.000', '0.000', 'S', NULL, NULL, 'D1', 'Y', 'N', NULL, '0', '13', '25', '20', '0', '20', '0.000', '0', '2006-09-22', '2006-06-08', '2006-09-11', '2006-12-08', '14', NULL, '0', '0', '0', '0.000', NULL, NULL, '0.000', NULL, NULL, '1969-12-31', '1969-12-31', '1969-12-31', '1969-12-31', '0', 'Y', 'N', NULL, NULL, NULL, NULL, '1969-12-31', '1969-12-31', '1969-12-31', '1969-12-31', NULL, NULL, '0', 'Banner', 'KWEISS', NULL),
('200695', '90062', '1', 'CHEM', '0104', 'W', 'I', 'LAB', 'M', 'General Chemistry II Lab', '0.000', '0.000', 'C', NULL, NULL, 'B1', 'Y', 'Y', NULL, '0', '10', '20', '20', '0', '20', '0.000', '0', '2006-09-22', '2006-06-08', '2006-09-11', '2006-12-08', '14', NULL, '0', '0', '0', '0.000', NULL, NULL, '0.000', NULL, NULL, '1969-12-31', '1969-12-31', '1969-12-31', '1969-12-31', '0', 'Y', 'N', NULL, NULL, NULL, NULL, '1969-12-31', '1969-12-31', '1969-12-31', '1969-12-31', NULL, NULL, '0', 'Banner', 'KWEISS', NULL),
('200695', '92704', '1', 'CHEM', '0104', 'Z', 'I', 'LAB', 'M', 'General Chemistry II Lab', '0.000', '0.000', 'C', NULL, NULL, 'B1', 'Y', 'Y', NULL, '0', '5', '20', '20', '0', '20', '0.000', '0', '2006-09-22', '2006-06-08', '2006-09-11', '2006-12-08', '14', NULL, '0', '0', '0', '0.000', NULL, NULL, '0.000', NULL, NULL, '1969-12-31', '1969-12-31', '1969-12-31', '1969-12-31', '0', 'Y', 'N', NULL, NULL, NULL, NULL, '1969-12-31', '1969-12-31', '1969-12-31', '1969-12-31', NULL, NULL, '0', 'Banner', 'KWEISS', NULL),
('200695', '93032', '1', 'CHEM', '0104', 'Y', 'I', 'LAB', 'M', 'General Chemistry II Lab', '0.000', '0.000', 'C', NULL, NULL, 'B1', 'Y', 'Y', NULL, '0', '10', '20', '20', '0', '20', '0.000', '0', '2006-09-22', '2006-06-08', '2006-09-11', '2006-12-08', '14', NULL, '0', '0', '0', '0.000', NULL, NULL, '0.000', NULL, NULL, '1969-12-31', '1969-12-31', '1969-12-31', '1969-12-31', '0', 'Y', 'N', NULL, NULL, NULL, NULL, '1969-12-31', '1969-12-31', '1969-12-31', '1969-12-31', NULL, NULL, '0', 'Banner', 'KWEISS', NULL),
('200695', '93036', '1', 'CHEM', '0104', 'U', 'I', 'DSC', 'M', 'Discussion', '0.000', '0.000', 'S', NULL, NULL, 'D1', 'Y', 'N', NULL, '0', '9', '25', '20', '0', '20', '0.000', '0', '2006-09-22', '2006-06-08', '2006-09-11', '2006-12-08', '14', NULL, '0', '0', '0', '0.000', NULL, NULL, '0.000', NULL, NULL, '1969-12-31', '1969-12-31', '1969-12-31', '1969-12-31', '0', 'Y', 'N', NULL, NULL, NULL, NULL, '1969-12-31', '1969-12-31', '1969-12-31', '1969-12-31', NULL, NULL, '0', 'Banner', 'KWEISS', NULL),
('200695', '93037', '1', 'CHEM', '0104', 'V', 'I', 'DSC', 'M', 'Discussion', '0.000', '0.000', 'S', NULL, NULL, 'D1', 'Y', 'N', NULL, '0', '3', '25', '20', '0', '20', '0.000', '0', '2006-09-22', '2006-06-08', '2006-09-11', '2006-12-08', '14', NULL, '0', '0', '0', '0.000', NULL, NULL, '0.000', NULL, NULL, '1969-12-31', '1969-12-31', '1969-12-31', '1969-12-31', '0', 'Y', 'N', NULL, NULL, NULL, NULL, '1969-12-31', '1969-12-31', '1969-12-31', '1969-12-31', NULL, NULL, '0', 'Banner', 'KWEISS', NULL),
('200720', '20017', '1', 'CHEM', '0104', 'A', 'A', 'LCT', 'M', NULL, '1.000', '1.000', 'S', NULL, NULL, 'L1', 'Y', 'Y', NULL, '68', '49', '76', '72', '57', '15', '57.000', '58', '2007-02-23', '2007-03-05', '2007-02-12', '2007-05-11', '14', NULL, '0', '0', '0', '1.000', NULL, NULL, '1.000', 'E', NULL, '1969-12-31', '1969-12-31', '1969-12-31', '1969-12-31', '0', 'Y', 'N', NULL, NULL, NULL, NULL, '1969-12-31', '1969-12-31', '1969-12-31', '1969-12-31', NULL, NULL, '0', 'Banner', 'GGOTTLIE', NULL),
('200720', '20020', '1', 'CHEM', '0104', 'S', 'A', 'DSC', 'M', 'Discussion', '0.000', '0.000', 'S', NULL, NULL, 'D1', 'Y', 'N', NULL, '24', '15', '22', '22', '22', '0', '0.000', '22', '2007-02-23', '2007-02-22', '2007-02-12', '2007-05-11', '14', NULL, '0', '0', '0', '0.000', NULL, NULL, '0.000', NULL, NULL, '1969-12-31', '1969-12-31', '1969-12-31', '1969-12-31', '0', 'Y', 'N', NULL, NULL, NULL, NULL, '1969-12-31', '1969-12-31', '1969-12-31', '1969-12-31', NULL, NULL, '0', 'Banner', 'MBARTZ', NULL),
('200720', '20022', '1', 'CHEM', '0104', 'W', 'A', 'LAB', 'M', 'General Chemistry II Lab', '0.000', '0.000', 'C', NULL, NULL, 'B1', 'Y', 'Y', NULL, '20', '10', '18', '18', '12', '6', '0.000', '13', '2007-02-23', '2007-04-09', '2007-02-12', '2007-05-11', '14', NULL, '0', '0', '0', '0.000', NULL, NULL, '0.000', NULL, NULL, '1969-12-31', '1969-12-31', '1969-12-31', '1969-12-31', '0', 'Y', 'N', NULL, NULL, NULL, NULL, '1969-12-31', '1969-12-31', '1969-12-31', '1969-12-31', NULL, NULL, '0', 'Banner', 'GGOTTLIE', NULL),
('200720', '20024', '1', 'CHEM', '0104', 'Y', 'A', 'LAB', 'M', 'General Chemistry II Lab', '0.000', '0.000', 'C', NULL, NULL, 'B1', 'Y', 'Y', NULL, '22', '13', '18', '18', '14', '4', '0.000', '13', '2007-02-23', '2007-04-09', '2007-02-12', '2007-05-11', '14', NULL, '0', '0', '0', '0.000', NULL, NULL, '0.000', NULL, NULL, '1969-12-31', '1969-12-31', '1969-12-31', '1969-12-31', '0', 'Y', 'N', NULL, NULL, NULL, NULL, '1969-12-31', '1969-12-31', '1969-12-31', '1969-12-31', NULL, NULL, '0', 'Banner', 'GGOTTLIE', NULL),
('200720', '20571', '1', 'CHEM', '0104', 'T', 'A', 'DSC', 'M', 'Discussion', '0.000', '0.000', 'S', NULL, NULL, 'D1', 'Y', 'N', NULL, '22', '29', '18', '18', '18', '0', '0.000', '18', '2007-02-23', '2007-02-22', '2007-02-12', '2007-05-11', '14', NULL, '0', '0', '0', '0.000', NULL, NULL, '0.000', NULL, NULL, '1969-12-31', '1969-12-31', '1969-12-31', '1969-12-31', '0', 'Y', 'N', NULL, NULL, NULL, NULL, '1969-12-31', '1969-12-31', '1969-12-31', '1969-12-31', NULL, NULL, '0', 'Banner', 'MBARTZ', NULL),
('200720', '20573', '1', 'CHEM', '0104', 'U', 'A', 'DSC', 'M', 'Discussion', '0.000', '0.000', 'S', NULL, NULL, 'D1', 'Y', 'N', NULL, '5', '7', '14', '14', '3', '11', '0.000', '3', '2007-02-23', '2007-02-13', '2007-02-12', '2007-05-11', '14', NULL, '0', '0', '0', '0.000', NULL, NULL, '0.000', NULL, NULL, '1969-12-31', '1969-12-31', '1969-12-31', '1969-12-31', '0', 'Y', 'N', NULL, NULL, NULL, NULL, '1969-12-31', '1969-12-31', '1969-12-31', '1969-12-31', NULL, NULL, '0', 'Banner', 'MBARTZ', NULL),
('200720', '20575', '1', 'CHEM', '0104', 'X', 'A', 'LAB', 'M', 'General Chemistry II Lab', '0.000', '0.000', 'C', NULL, NULL, 'B1', 'Y', 'Y', NULL, '19', '13', '18', '18', '15', '3', '0.000', '16', '2007-02-23', '2007-03-27', '2007-02-12', '2007-05-11', '14', NULL, '0', '0', '0', '0.000', NULL, NULL, '0.000', NULL, NULL, '1969-12-31', '1969-12-31', '1969-12-31', '1969-12-31', '0', 'Y', 'N', NULL, NULL, NULL, NULL, '1969-12-31', '1969-12-31', '1969-12-31', '1969-12-31', NULL, NULL, '0', 'Banner', 'MBARTZ', NULL),
('200720', '20578', '1', 'CHEM', '0104', 'Z', 'A', 'LAB', 'M', 'General Chemistry II Lab', '0.000', '0.000', 'C', NULL, NULL, 'B1', 'Y', 'Y', NULL, '24', '14', '18', '18', '16', '2', '0.000', '16', '2007-02-23', '2007-03-27', '2007-02-12', '2007-05-11', '14', NULL, '0', '0', '0', '0.000', NULL, NULL, '0.000', NULL, NULL, '1969-12-31', '1969-12-31', '1969-12-31', '1969-12-31', '0', 'Y', 'N', NULL, NULL, NULL, NULL, '1969-12-31', '1969-12-31', '1969-12-31', '1969-12-31', NULL, NULL, '0', 'Banner', 'MBARTZ', NULL),
('200720', '22922', '1', 'CHEM', '0104', 'V', 'A', 'DSC', 'M', 'Discussion', '0.000', '0.000', 'S', NULL, NULL, 'D1', 'Y', 'N', NULL, '19', '0', '18', '18', '14', '4', '0.000', '15', '2007-02-23', '2007-03-05', '2007-02-12', '2007-05-11', '14', NULL, '0', '0', '0', '0.000', NULL, NULL, '0.000', NULL, NULL, '1969-12-31', '1969-12-31', '1969-12-31', '1969-12-31', '0', 'Y', 'N', NULL, NULL, NULL, NULL, '1969-12-31', '1969-12-31', '1969-12-31', '1969-12-31', NULL, NULL, '0', 'Banner', 'GGOTTLIE', NULL),
('200723', '20017', '1', 'CHEM', '0104', 'A', 'A', 'LCT', 'M', NULL, '1.000', '1.000', 'S', NULL, NULL, 'L1', 'Y', 'Y', NULL, '31', '0', '76', '72', '20', '52', '20.000', '20', '2007-02-23', '2006-11-16', '2007-02-12', '2007-05-11', '14', NULL, '0', '0', '0', '1.000', NULL, NULL, '1.000', 'E', NULL, '1969-12-31', '1969-12-31', '1969-12-31', '1969-12-31', '0', 'Y', 'N', NULL, NULL, NULL, NULL, '1969-12-31', '1969-12-31', '1969-12-31', '1969-12-31', NULL, NULL, '0', 'Banner', 'WWW_USER', NULL),
('200723', '20020', '1', 'CHEM', '0104', 'S', 'A', 'DSC', 'M', 'Discussion', '0.000', '0.000', 'S', NULL, NULL, 'D1', 'Y', 'N', NULL, '17', '0', '18', '18', '9', '9', '0.000', '9', '2007-02-23', '2006-11-16', '2007-02-12', '2007-05-11', '14', NULL, '0', '0', '0', '0.000', NULL, NULL, '0.000', NULL, NULL, '1969-12-31', '1969-12-31', '1969-12-31', '1969-12-31', '0', 'Y', 'N', NULL, NULL, NULL, NULL, '1969-12-31', '1969-12-31', '1969-12-31', '1969-12-31', NULL, NULL, '0', 'Banner', 'WWW_USER', NULL),
('200723', '20022', '1', 'CHEM', '0104', 'W', 'A', 'LAB', 'M', 'General Chemistry II Lab', '0.000', '0.000', 'C', NULL, NULL, 'B1', 'Y', 'Y', NULL, '5', '0', '18', '18', '1', '17', '0.000', '1', '2007-02-23', '2006-11-16', '2007-02-12', '2007-05-11', '14', NULL, '0', '0', '0', '0.000', NULL, NULL, '0.000', NULL, NULL, '1969-12-31', '1969-12-31', '1969-12-31', '1969-12-31', '0', 'Y', 'N', NULL, NULL, NULL, NULL, '1969-12-31', '1969-12-31', '1969-12-31', '1969-12-31', NULL, NULL, '0', 'Banner', 'WWW_USER', NULL),
('200723', '20024', '1', 'CHEM', '0104', 'Y', 'A', 'LAB', 'M', 'General Chemistry II Lab', '0.000', '0.000', 'C', NULL, NULL, 'B1', 'Y', 'Y', NULL, '2', '0', '18', '18', '1', '17', '0.000', '1', '2007-02-23', '2006-11-16', '2007-02-12', '2007-05-11', '14', NULL, '0', '0', '0', '0.000', NULL, NULL, '0.000', NULL, NULL, '1969-12-31', '1969-12-31', '1969-12-31', '1969-12-31', '0', 'Y', 'N', NULL, NULL, NULL, NULL, '1969-12-31', '1969-12-31', '1969-12-31', '1969-12-31', NULL, NULL, '0', 'Banner', 'WWW_USER', NULL),
('200723', '20571', '1', 'CHEM', '0104', 'T', 'A', 'DSC', 'M', 'Discussion', '0.000', '0.000', 'S', NULL, NULL, 'D1', 'Y', 'N', NULL, '13', '0', '18', '18', '10', '8', '0.000', '10', '2007-02-23', '2006-11-16', '2007-02-12', '2007-05-11', '14', NULL, '0', '0', '0', '0.000', NULL, NULL, '0.000', NULL, NULL, '1969-12-31', '1969-12-31', '1969-12-31', '1969-12-31', '0', 'Y', 'N', NULL, NULL, NULL, NULL, '1969-12-31', '1969-12-31', '1969-12-31', '1969-12-31', NULL, NULL, '0', 'Banner', 'WWW_USER', NULL),
('200723', '20573', '1', 'CHEM', '0104', 'U', 'A', 'DSC', 'M', 'Discussion', '0.000', '0.000', 'S', NULL, NULL, 'D1', 'Y', 'N', NULL, '1', '0', '18', '18', '1', '17', '0.000', '1', '2007-02-23', '2006-11-08', '2007-02-12', '2007-05-11', '14', NULL, '0', '0', '0', '0.000', NULL, NULL, '0.000', NULL, NULL, '1969-12-31', '1969-12-31', '1969-12-31', '1969-12-31', '0', 'Y', 'N', NULL, NULL, NULL, NULL, '1969-12-31', '1969-12-31', '1969-12-31', '1969-12-31', NULL, NULL, '0', 'Banner', 'WWW_USER', NULL),
('200723', '20575', '1', 'CHEM', '0104', 'X', 'A', 'LAB', 'M', 'General Chemistry II Lab', '0.000', '0.000', 'C', NULL, NULL, 'B1', 'Y', 'Y', NULL, '17', '0', '18', '18', '11', '7', '0.000', '11', '2007-02-23', '2006-11-16', '2007-02-12', '2007-05-11', '14', NULL, '0', '0', '0', '0.000', NULL, NULL, '0.000', NULL, NULL, '1969-12-31', '1969-12-31', '1969-12-31', '1969-12-31', '0', 'Y', 'N', NULL, NULL, NULL, NULL, '1969-12-31', '1969-12-31', '1969-12-31', '1969-12-31', NULL, NULL, '0', 'Banner', 'WWW_USER', NULL),
('200723', '20578', '1', 'CHEM', '0104', 'Z', 'A', 'LAB', 'M', 'General Chemistry II Lab', '0.000', '0.000', 'C', NULL, NULL, 'B1', 'Y', 'Y', NULL, '7', '0', '18', '18', '7', '11', '0.000', '7', '2007-02-23', '2006-11-16', '2007-02-12', '2007-05-11', '14', NULL, '0', '0', '0', '0.000', NULL, NULL, '0.000', NULL, NULL, '1969-12-31', '1969-12-31', '1969-12-31', '1969-12-31', '0', 'Y', 'N', NULL, NULL, NULL, NULL, '1969-12-31', '1969-12-31', '1969-12-31', '1969-12-31', NULL, NULL, '0', 'Banner', 'WWW_USER', NULL),
('200723', '22922', '1', 'CHEM', '0104', 'V', 'A', 'DSC', 'M', 'Discussion', '0.000', '0.000', 'S', NULL, NULL, 'D1', 'Y', 'N', NULL, '0', '0', '18', '18', '0', '18', '0.000', '0', '2007-02-23', '2006-11-02', '2007-02-12', '2007-05-11', '14', NULL, '0', '0', '0', '0.000', NULL, NULL, '0.000', NULL, NULL, '1969-12-31', '1969-12-31', '1969-12-31', '1969-12-31', '0', 'Y', 'N', NULL, NULL, NULL, NULL, '1969-12-31', '1969-12-31', '1969-12-31', '1969-12-31', NULL, NULL, '0', 'Banner', 'KWEISS', NULL),
('200724', '20017', '1', 'CHEM', '0104', 'A', 'I', 'LCT', 'M', NULL, '1.000', '1.000', 'S', NULL, NULL, 'L1', 'Y', 'Y', NULL, '0', '57', '76', '72', '0', '72', '0.000', '0', '2007-02-23', '2006-12-20', '2007-02-12', '2007-05-11', '14', NULL, '0', '0', '0', '1.000', NULL, NULL, '1.000', 'E', NULL, '1969-12-31', '1969-12-31', '1969-12-31', '1969-12-31', '0', 'Y', 'N', NULL, NULL, NULL, NULL, '1969-12-31', '1969-12-31', '1969-12-31', '1969-12-31', NULL, NULL, '0', 'Banner', 'KWEISS', NULL),
('200724', '20020', '1', 'CHEM', '0104', 'S', 'I', 'DSC', 'M', 'Discussion', '0.000', '0.000', 'S', NULL, NULL, 'D1', 'Y', 'N', NULL, '0', '19', '22', '22', '0', '22', '0.000', '0', '2007-02-23', '2006-12-20', '2007-02-12', '2007-05-11', '14', NULL, '0', '0', '0', '0.000', NULL, NULL, '0.000', NULL, NULL, '1969-12-31', '1969-12-31', '1969-12-31', '1969-12-31', '0', 'Y', 'N', NULL, NULL, NULL, NULL, '1969-12-31', '1969-12-31', '1969-12-31', '1969-12-31', NULL, NULL, '0', 'Banner', 'KWEISS', NULL),
('200724', '20022', '1', 'CHEM', '0104', 'W', 'I', 'LAB', 'M', 'General Chemistry II Lab', '0.000', '0.000', 'C', NULL, NULL, 'B1', 'Y', 'Y', NULL, '0', '8', '18', '18', '0', '18', '0.000', '0', '2007-02-23', '2006-12-20', '2007-02-12', '2007-05-11', '14', NULL, '0', '0', '0', '0.000', NULL, NULL, '0.000', NULL, NULL, '1969-12-31', '1969-12-31', '1969-12-31', '1969-12-31', '0', 'Y', 'N', NULL, NULL, NULL, NULL, '1969-12-31', '1969-12-31', '1969-12-31', '1969-12-31', NULL, NULL, '0', 'Banner', 'KWEISS', NULL),
('200724', '20024', '1', 'CHEM', '0104', 'Y', 'I', 'LAB', 'M', 'General Chemistry II Lab', '0.000', '0.000', 'C', NULL, NULL, 'B1', 'Y', 'Y', NULL, '0', '13', '18', '18', '0', '18', '0.000', '0', '2007-02-23', '2006-12-20', '2007-02-12', '2007-05-11', '14', NULL, '0', '0', '0', '0.000', NULL, NULL, '0.000', NULL, NULL, '1969-12-31', '1969-12-31', '1969-12-31', '1969-12-31', '0', 'Y', 'N', NULL, NULL, NULL, NULL, '1969-12-31', '1969-12-31', '1969-12-31', '1969-12-31', NULL, NULL, '0', 'Banner', 'KWEISS', NULL),
('200724', '20571', '1', 'CHEM', '0104', 'T', 'I', 'DSC', 'M', 'Discussion', '0.000', '0.000', 'S', NULL, NULL, 'D1', 'Y', 'N', NULL, '0', '18', '18', '18', '0', '18', '0.000', '0', '2007-02-23', '2006-12-20', '2007-02-12', '2007-05-11', '14', NULL, '0', '0', '0', '0.000', NULL, NULL, '0.000', NULL, NULL, '1969-12-31', '1969-12-31', '1969-12-31', '1969-12-31', '0', 'Y', 'N', NULL, NULL, NULL, NULL, '1969-12-31', '1969-12-31', '1969-12-31', '1969-12-31', NULL, NULL, '0', 'Banner', 'KWEISS', NULL),
('200724', '20573', '1', 'CHEM', '0104', 'U', 'I', 'DSC', 'M', 'Discussion', '0.000', '0.000', 'S', NULL, NULL, 'D1', 'Y', 'N', NULL, '0', '5', '14', '14', '0', '14', '0.000', '0', '2007-02-23', '2006-12-20', '2007-02-12', '2007-05-11', '14', NULL, '0', '0', '0', '0.000', NULL, NULL, '0.000', NULL, NULL, '1969-12-31', '1969-12-31', '1969-12-31', '1969-12-31', '0', 'Y', 'N', NULL, NULL, NULL, NULL, '1969-12-31', '1969-12-31', '1969-12-31', '1969-12-31', NULL, NULL, '0', 'Banner', 'KWEISS', NULL),
('200724', '20575', '1', 'CHEM', '0104', 'X', 'I', 'LAB', 'M', 'General Chemistry II Lab', '0.000', '0.000', 'C', NULL, NULL, 'B1', 'Y', 'Y', NULL, '0', '18', '18', '18', '0', '18', '0.000', '0', '2007-02-23', '2006-12-20', '2007-02-12', '2007-05-11', '14', NULL, '0', '0', '0', '0.000', NULL, NULL, '0.000', NULL, NULL, '1969-12-31', '1969-12-31', '1969-12-31', '1969-12-31', '0', 'Y', 'N', NULL, NULL, NULL, NULL, '1969-12-31', '1969-12-31', '1969-12-31', '1969-12-31', NULL, NULL, '0', 'Banner', 'KWEISS', NULL),
('200724', '20578', '1', 'CHEM', '0104', 'Z', 'I', 'LAB', 'M', 'General Chemistry II Lab', '0.000', '0.000', 'C', NULL, NULL, 'B1', 'Y', 'Y', NULL, '0', '18', '18', '18', '0', '18', '0.000', '0', '2007-02-23', '2006-12-20', '2007-02-12', '2007-05-11', '14', NULL, '0', '0', '0', '0.000', NULL, NULL, '0.000', NULL, NULL, '1969-12-31', '1969-12-31', '1969-12-31', '1969-12-31', '0', 'Y', 'N', NULL, NULL, NULL, NULL, '1969-12-31', '1969-12-31', '1969-12-31', '1969-12-31', NULL, NULL, '0', 'Banner', 'KWEISS', NULL),
('200724', '22922', '1', 'CHEM', '0104', 'V', 'I', 'DSC', 'M', 'Discussion', '0.000', '0.000', 'S', NULL, NULL, 'D1', 'Y', 'N', NULL, '0', '15', '18', '18', '0', '18', '0.000', '0', '2007-02-23', '2006-12-20', '2007-02-12', '2007-05-11', '14', NULL, '0', '0', '0', '0.000', NULL, NULL, '0.000', NULL, NULL, '1969-12-31', '1969-12-31', '1969-12-31', '1969-12-31', '0', 'Y', 'N', NULL, NULL, NULL, NULL, '1969-12-31', '1969-12-31', '1969-12-31', '1969-12-31', NULL, NULL, '0', 'Banner', 'KWEISS', NULL),
('200725', '20017', '1', 'CHEM', '0104', 'A', 'A', 'LCT', 'M', NULL, '1.000', '1.000', 'S', NULL, NULL, 'L1', 'Y', 'Y', NULL, '2', '57', '76', '72', '2', '70', '2.000', '2', '2007-02-23', '2007-01-04', '2007-02-12', '2007-05-11', '14', NULL, '0', '0', '0', '1.000', NULL, NULL, '1.000', 'E', NULL, '1969-12-31', '1969-12-31', '1969-12-31', '1969-12-31', '0', 'Y', 'N', NULL, NULL, NULL, NULL, '1969-12-31', '1969-12-31', '1969-12-31', '1969-12-31', NULL, NULL, '0', 'Banner', 'WWW_USER', NULL),
('200725', '20020', '1', 'CHEM', '0104', 'S', 'I', 'DSC', 'M', 'Discussion', '0.000', '0.000', 'S', NULL, NULL, 'D1', 'Y', 'N', NULL, '0', '19', '22', '22', '0', '22', '0.000', '0', '2007-02-23', '2006-12-20', '2007-02-12', '2007-05-11', '14', NULL, '0', '0', '0', '0.000', NULL, NULL, '0.000', NULL, NULL, '1969-12-31', '1969-12-31', '1969-12-31', '1969-12-31', '0', 'Y', 'N', NULL, NULL, NULL, NULL, '1969-12-31', '1969-12-31', '1969-12-31', '1969-12-31', NULL, NULL, '0', 'Banner', 'KWEISS', NULL),
('200725', '20022', '1', 'CHEM', '0104', 'W', 'I', 'LAB', 'M', 'General Chemistry II Lab', '0.000', '0.000', 'C', NULL, NULL, 'B1', 'Y', 'Y', NULL, '0', '8', '18', '18', '0', '18', '0.000', '0', '2007-02-23', '2006-12-20', '2007-02-12', '2007-05-11', '14', NULL, '0', '0', '0', '0.000', NULL, NULL, '0.000', NULL, NULL, '1969-12-31', '1969-12-31', '1969-12-31', '1969-12-31', '0', 'Y', 'N', NULL, NULL, NULL, NULL, '1969-12-31', '1969-12-31', '1969-12-31', '1969-12-31', NULL, NULL, '0', 'Banner', 'KWEISS', NULL),
('200725', '20024', '1', 'CHEM', '0104', 'Y', 'I', 'LAB', 'M', 'General Chemistry II Lab', '0.000', '0.000', 'C', NULL, NULL, 'B1', 'Y', 'Y', NULL, '0', '13', '18', '18', '0', '18', '0.000', '0', '2007-02-23', '2006-12-20', '2007-02-12', '2007-05-11', '14', NULL, '0', '0', '0', '0.000', NULL, NULL, '0.000', NULL, NULL, '1969-12-31', '1969-12-31', '1969-12-31', '1969-12-31', '0', 'Y', 'N', NULL, NULL, NULL, NULL, '1969-12-31', '1969-12-31', '1969-12-31', '1969-12-31', NULL, NULL, '0', 'Banner', 'KWEISS', NULL),
('200725', '20571', '1', 'CHEM', '0104', 'T', 'I', 'DSC', 'M', 'Discussion', '0.000', '0.000', 'S', NULL, NULL, 'D1', 'Y', 'N', NULL, '0', '18', '18', '18', '0', '18', '0.000', '0', '2007-02-23', '2006-12-20', '2007-02-12', '2007-05-11', '14', NULL, '0', '0', '0', '0.000', NULL, NULL, '0.000', NULL, NULL, '1969-12-31', '1969-12-31', '1969-12-31', '1969-12-31', '0', 'Y', 'N', NULL, NULL, NULL, NULL, '1969-12-31', '1969-12-31', '1969-12-31', '1969-12-31', NULL, NULL, '0', 'Banner', 'KWEISS', NULL),
('200725', '20573', '1', 'CHEM', '0104', 'U', 'I', 'DSC', 'M', 'Discussion', '0.000', '0.000', 'S', NULL, NULL, 'D1', 'Y', 'N', NULL, '0', '5', '14', '14', '0', '14', '0.000', '0', '2007-02-23', '2006-12-20', '2007-02-12', '2007-05-11', '14', NULL, '0', '0', '0', '0.000', NULL, NULL, '0.000', NULL, NULL, '1969-12-31', '1969-12-31', '1969-12-31', '1969-12-31', '0', 'Y', 'N', NULL, NULL, NULL, NULL, '1969-12-31', '1969-12-31', '1969-12-31', '1969-12-31', NULL, NULL, '0', 'Banner', 'KWEISS', NULL),
('200725', '20575', '1', 'CHEM', '0104', 'X', 'I', 'LAB', 'M', 'General Chemistry II Lab', '0.000', '0.000', 'C', NULL, NULL, 'B1', 'Y', 'Y', NULL, '0', '18', '18', '18', '0', '18', '0.000', '0', '2007-02-23', '2006-12-20', '2007-02-12', '2007-05-11', '14', NULL, '0', '0', '0', '0.000', NULL, NULL, '0.000', NULL, NULL, '1969-12-31', '1969-12-31', '1969-12-31', '1969-12-31', '0', 'Y', 'N', NULL, NULL, NULL, NULL, '1969-12-31', '1969-12-31', '1969-12-31', '1969-12-31', NULL, NULL, '0', 'Banner', 'KWEISS', NULL),
('200725', '20578', '1', 'CHEM', '0104', 'Z', 'I', 'LAB', 'M', 'General Chemistry II Lab', '0.000', '0.000', 'C', NULL, NULL, 'B1', 'Y', 'Y', NULL, '0', '18', '18', '18', '0', '18', '0.000', '0', '2007-02-23', '2006-12-20', '2007-02-12', '2007-05-11', '14', NULL, '0', '0', '0', '0.000', NULL, NULL, '0.000', NULL, NULL, '1969-12-31', '1969-12-31', '1969-12-31', '1969-12-31', '0', 'Y', 'N', NULL, NULL, NULL, NULL, '1969-12-31', '1969-12-31', '1969-12-31', '1969-12-31', NULL, NULL, '0', 'Banner', 'KWEISS', NULL),
('200725', '22922', '1', 'CHEM', '0104', 'V', 'I', 'DSC', 'M', 'Discussion', '0.000', '0.000', 'S', NULL, NULL, 'D1', 'Y', 'N', NULL, '0', '15', '18', '18', '0', '18', '0.000', '0', '2007-02-23', '2006-12-20', '2007-02-12', '2007-05-11', '14', NULL, '0', '0', '0', '0.000', NULL, NULL, '0.000', NULL, NULL, '1969-12-31', '1969-12-31', '1969-12-31', '1969-12-31', '0', 'Y', 'N', NULL, NULL, NULL, NULL, '1969-12-31', '1969-12-31', '1969-12-31', '1969-12-31', NULL, NULL, '0', 'Banner', 'KWEISS', NULL),
('200790', '90047', '1', 'CHEM', '0104', 'A', 'A', 'LCT', 'M', NULL, '1.000', '1.000', 'S', NULL, NULL, 'L1', 'Y', 'Y', NULL, '39', '36', '48', '60', '30', '30', '30.000', '32', '2007-09-21', '2007-11-15', '2007-09-10', '2007-12-07', '14', NULL, '0', '0', '0', '1.000', NULL, NULL, '1.000', NULL, NULL, '1969-12-31', '1969-12-31', '1969-12-31', '1969-12-31', '0', 'Y', 'N', NULL, NULL, NULL, NULL, '1969-12-31', '1969-12-31', '1969-12-31', '1969-12-31', NULL, NULL, '0', 'Banner', 'GGOTTLIE', NULL),
('200790', '90052', '1', 'CHEM', '0104', 'T', 'A', 'DSC', 'M', 'Discussion', '0.000', '0.000', 'S', NULL, NULL, 'D1', 'Y', 'N', NULL, '23', '19', '25', '30', '17', '13', '0.000', '18', '2007-09-21', '2007-11-15', '2007-09-10', '2007-12-07', '14', NULL, '0', '0', '0', '0.000', NULL, NULL, '0.000', NULL, NULL, '1969-12-31', '1969-12-31', '1969-12-31', '1969-12-31', '0', 'Y', 'N', NULL, NULL, NULL, NULL, '1969-12-31', '1969-12-31', '1969-12-31', '1969-12-31', NULL, NULL, '0', 'Banner', 'GGOTTLIE', NULL),
('200790', '90057', '1', 'CHEM', '0104', 'W', 'A', 'LAB', 'M', 'General Chemistry II Lab', '0.000', '0.000', 'C', NULL, NULL, 'B1', 'Y', 'Y', NULL, '21', '16', '20', '20', '13', '7', '0.000', '14', '2007-09-21', '2007-10-17', '2007-09-10', '2007-12-07', '14', NULL, '0', '0', '0', '0.000', NULL, NULL, '0.000', NULL, NULL, '1969-12-31', '1969-12-31', '1969-12-31', '1969-12-31', '0', 'Y', 'N', NULL, NULL, NULL, NULL, '1969-12-31', '1969-12-31', '1969-12-31', '1969-12-31', NULL, NULL, '0', 'Banner', 'MBARTZ', NULL),
('200790', '92285', '1', 'CHEM', '0104', 'Z', 'A', 'LAB', 'M', 'General Chemistry II Lab', '0.000', '0.000', 'C', NULL, NULL, 'B1', 'Y', 'Y', NULL, '20', '0', '20', '20', '16', '4', '0.000', '18', '2007-09-21', '2007-11-15', '2007-09-10', '2007-12-07', '14', NULL, '0', '0', '0', '0.000', NULL, NULL, '0.000', NULL, NULL, '1969-12-31', '1969-12-31', '1969-12-31', '1969-12-31', '0', 'Y', 'N', NULL, NULL, NULL, NULL, '1969-12-31', '1969-12-31', '1969-12-31', '1969-12-31', NULL, NULL, '0', 'Banner', 'GGOTTLIE', NULL),
('200790', '92591', '1', 'CHEM', '0104', 'Y', 'I', 'LAB', 'M', 'General Chemistry II Lab', '0.000', '0.000', 'C', NULL, NULL, 'B1', 'Y', 'Y', NULL, '3', '17', '20', '20', '0', '20', '0.000', '0', '2007-09-21', '2007-06-08', '2007-09-10', '2007-12-07', '14', NULL, '0', '0', '0', '0.000', NULL, NULL, '0.000', NULL, NULL, '1969-12-31', '1969-12-31', '1969-12-31', '1969-12-31', '0', 'Y', 'N', NULL, NULL, NULL, NULL, '1969-12-31', '1969-12-31', '1969-12-31', '1969-12-31', NULL, NULL, '0', 'Banner', 'JAUDET', NULL),
('200790', '92595', '1', 'CHEM', '0104', 'U', 'A', 'DSC', 'M', 'Discussion', '0.000', '0.000', 'S', NULL, NULL, 'D1', 'Y', 'N', NULL, '19', '14', '25', '30', '13', '17', '0.000', '14', '2007-09-21', '2007-11-01', '2007-09-10', '2007-12-07', '14', NULL, '0', '0', '0', '0.000', NULL, NULL, '0.000', NULL, NULL, '1969-12-31', '1969-12-31', '1969-12-31', '1969-12-31', '0', 'Y', 'N', NULL, NULL, NULL, NULL, '1969-12-31', '1969-12-31', '1969-12-31', '1969-12-31', NULL, NULL, '0', 'Banner', 'AROULEAU', NULL),
('200790', '92596', '1', 'CHEM', '0104', 'V', 'I', 'DSC', 'M', 'Discussion', '0.000', '0.000', 'S', NULL, NULL, 'D1', 'Y', 'N', NULL, '0', '0', '25', '20', '0', '20', '0.000', '0', '2007-09-21', '2007-03-07', '2007-09-10', '2007-12-07', '14', NULL, '0', '0', '0', '0.000', NULL, NULL, '0.000', NULL, NULL, '1969-12-31', '1969-12-31', '1969-12-31', '1969-12-31', '0', 'Y', 'N', NULL, NULL, NULL, NULL, '1969-12-31', '1969-12-31', '1969-12-31', '1969-12-31', NULL, NULL, '0', 'Banner', 'JMMAYER', NULL),
('200793', '90047', '1', 'CHEM', '0104', 'A', 'A', 'LCT', 'M', NULL, '1.000', '1.000', 'S', NULL, NULL, 'L1', 'Y', 'Y', NULL, '11', '0', '48', '60', '7', '53', '7.000', '7', '2007-09-21', '2007-04-25', '2007-09-10', '2007-12-18', '14', NULL, '0', '0', '0', '1.000', NULL, NULL, '1.000', NULL, NULL, '1969-12-31', '1969-12-31', '1969-12-31', '1969-12-31', '0', 'Y', 'N', NULL, NULL, NULL, NULL, '1969-12-31', '1969-12-31', '1969-12-31', '1969-12-31', NULL, NULL, '0', 'Banner', 'WWW_USER', NULL),
('200793', '90052', '1', 'CHEM', '0104', 'T', 'A', 'DSC', 'M', 'Discussion', '0.000', '0.000', 'S', NULL, NULL, 'D1', 'Y', 'N', NULL, '5', '0', '25', '30', '3', '27', '0.000', '3', '2007-09-21', '2007-04-25', '2007-09-10', '2007-12-18', '14', NULL, '0', '0', '0', '0.000', NULL, NULL, '0.000', NULL, NULL, '1969-12-31', '1969-12-31', '1969-12-31', '1969-12-31', '0', 'Y', 'N', NULL, NULL, NULL, NULL, '1969-12-31', '1969-12-31', '1969-12-31', '1969-12-31', NULL, NULL, '0', 'Banner', 'WWW_USER', NULL),
('200793', '90057', '1', 'CHEM', '0104', 'W', 'A', 'LAB', 'M', 'General Chemistry II Lab', '0.000', '0.000', 'C', NULL, NULL, 'B1', 'Y', 'Y', NULL, '0', '0', '20', '20', '0', '20', '0.000', '0', '2007-09-21', '2007-04-12', '2007-09-10', '2007-12-18', '14', NULL, '0', '0', '0', '0.000', NULL, NULL, '0.000', NULL, NULL, '1969-12-31', '1969-12-31', '1969-12-31', '1969-12-31', '0', 'Y', 'N', NULL, NULL, NULL, NULL, '1969-12-31', '1969-12-31', '1969-12-31', '1969-12-31', NULL, NULL, '0', 'Banner', 'KWEISS', NULL);
INSERT INTO `ssbsect` (`SSBSECT_TERM_CODE`, `SSBSECT_CRN`, `SSBSECT_PTRM_CODE`, `SSBSECT_SUBJ_CODE`, `SSBSECT_CRSE_NUMB`, `SSBSECT_SEQ_NUMB`, `SSBSECT_SSTS_CODE`, `SSBSECT_SCHD_CODE`, `SSBSECT_CAMP_CODE`, `SSBSECT_CRSE_TITLE`, `SSBSECT_CREDIT_HRS`, `SSBSECT_BILL_HRS`, `SSBSECT_GMOD_CODE`, `SSBSECT_SAPR_CODE`, `SSBSECT_SESS_CODE`, `SSBSECT_LINK_IDENT`, `SSBSECT_PRNT_IND`, `SSBSECT_GRADABLE_IND`, `SSBSECT_TUIW_IND`, `SSBSECT_REG_ONEUP`, `SSBSECT_PRIOR_ENRL`, `SSBSECT_PROJ_ENRL`, `SSBSECT_MAX_ENRL`, `SSBSECT_ENRL`, `SSBSECT_SEATS_AVAIL`, `SSBSECT_TOT_CREDIT_HRS`, `SSBSECT_CENSUS_ENRL`, `SSBSECT_CENSUS_ENRL_DATE`, `SSBSECT_ACTIVITY_DATE`, `SSBSECT_PTRM_START_DATE`, `SSBSECT_PTRM_END_DATE`, `SSBSECT_PTRM_WEEKS`, `SSBSECT_RESERVED_IND`, `SSBSECT_WAIT_CAPACITY`, `SSBSECT_WAIT_COUNT`, `SSBSECT_WAIT_AVAIL`, `SSBSECT_LEC_HR`, `SSBSECT_LAB_HR`, `SSBSECT_OTH_HR`, `SSBSECT_CONT_HR`, `SSBSECT_ACCT_CODE`, `SSBSECT_ACCL_CODE`, `SSBSECT_CENSUS_2_DATE`, `SSBSECT_ENRL_CUT_OFF_DATE`, `SSBSECT_ACAD_CUT_OFF_DATE`, `SSBSECT_DROP_CUT_OFF_DATE`, `SSBSECT_CENSUS_2_ENRL`, `SSBSECT_VOICE_AVAIL`, `SSBSECT_CAPP_PREREQ_TEST_IND`, `SSBSECT_GSCH_NAME`, `SSBSECT_BEST_OF_COMP`, `SSBSECT_SUBSET_OF_COMP`, `SSBSECT_INSM_CODE`, `SSBSECT_REG_FROM_DATE`, `SSBSECT_REG_TO_DATE`, `SSBSECT_LEARNER_REGSTART_FDATE`, `SSBSECT_LEARNER_REGSTART_TDATE`, `SSBSECT_DUNT_CODE`, `SSBSECT_NUMBER_OF_UNITS`, `SSBSECT_NUMBER_OF_EXTENSIONS`, `SSBSECT_DATA_ORIGIN`, `SSBSECT_USER_ID`, `SSBSECT_INTG_CDE`) VALUES
('200793', '92285', '1', 'CHEM', '0104', 'Z', 'A', 'LAB', 'M', 'General Chemistry II Lab', '0.000', '0.000', 'C', NULL, NULL, 'B1', 'Y', 'Y', NULL, '8', '0', '20', '20', '6', '14', '0.000', '6', '2007-09-21', '2007-04-25', '2007-09-10', '2007-12-18', '14', NULL, '0', '0', '0', '0.000', NULL, NULL, '0.000', NULL, NULL, '1969-12-31', '1969-12-31', '1969-12-31', '1969-12-31', '0', 'Y', 'N', NULL, NULL, NULL, NULL, '1969-12-31', '1969-12-31', '1969-12-31', '1969-12-31', NULL, NULL, '0', 'Banner', 'WWW_USER', NULL),
('200793', '92591', '1', 'CHEM', '0104', 'Y', 'A', 'LAB', 'M', 'General Chemistry II Lab', '0.000', '0.000', 'C', NULL, NULL, 'B1', 'Y', 'Y', NULL, '3', '0', '20', '20', '1', '19', '0.000', '1', '2007-09-21', '2007-04-25', '2007-09-10', '2007-12-18', '14', NULL, '0', '0', '0', '0.000', NULL, NULL, '0.000', NULL, NULL, '1969-12-31', '1969-12-31', '1969-12-31', '1969-12-31', '0', 'Y', 'N', NULL, NULL, NULL, NULL, '1969-12-31', '1969-12-31', '1969-12-31', '1969-12-31', NULL, NULL, '0', 'Banner', 'WWW_USER', NULL),
('200793', '92595', '1', 'CHEM', '0104', 'U', 'A', 'DSC', 'M', 'Discussion', '0.000', '0.000', 'S', NULL, NULL, 'D1', 'Y', 'N', NULL, '6', '0', '25', '30', '4', '26', '0.000', '4', '2007-09-21', '2007-04-25', '2007-09-10', '2007-12-18', '14', NULL, '0', '0', '0', '0.000', NULL, NULL, '0.000', NULL, NULL, '1969-12-31', '1969-12-31', '1969-12-31', '1969-12-31', '0', 'Y', 'N', NULL, NULL, NULL, NULL, '1969-12-31', '1969-12-31', '1969-12-31', '1969-12-31', NULL, NULL, '0', 'Banner', 'WWW_USER', NULL),
('200794', '90047', '1', 'CHEM', '0104', 'A', 'I', 'LCT', 'M', NULL, '1.000', '1.000', 'S', NULL, NULL, 'L1', 'Y', 'Y', NULL, '0', '21', '48', '60', '0', '60', '0.000', '0', '2007-09-21', '2007-06-13', '2007-09-10', '2007-12-07', '14', NULL, '0', '0', '0', '1.000', NULL, NULL, '1.000', NULL, NULL, '1969-12-31', '1969-12-31', '1969-12-31', '1969-12-31', '0', 'Y', 'N', NULL, NULL, NULL, NULL, '1969-12-31', '1969-12-31', '1969-12-31', '1969-12-31', NULL, NULL, '0', 'Banner', 'KWEISS', NULL),
('200794', '90052', '1', 'CHEM', '0104', 'T', 'I', 'DSC', 'M', 'Discussion', '0.000', '0.000', 'S', NULL, NULL, 'D1', 'Y', 'N', NULL, '0', '12', '25', '30', '0', '30', '0.000', '0', '2007-09-21', '2007-06-13', '2007-09-10', '2007-12-07', '14', NULL, '0', '0', '0', '0.000', NULL, NULL, '0.000', NULL, NULL, '1969-12-31', '1969-12-31', '1969-12-31', '1969-12-31', '0', 'Y', 'N', NULL, NULL, NULL, NULL, '1969-12-31', '1969-12-31', '1969-12-31', '1969-12-31', NULL, NULL, '0', 'Banner', 'KWEISS', NULL),
('200794', '90057', '1', 'CHEM', '0104', 'W', 'I', 'LAB', 'M', 'General Chemistry II Lab', '0.000', '0.000', 'C', NULL, NULL, 'B1', 'Y', 'Y', NULL, '0', '10', '20', '20', '0', '20', '0.000', '0', '2007-09-21', '2007-06-13', '2007-09-10', '2007-12-07', '14', NULL, '0', '0', '0', '0.000', NULL, NULL, '0.000', NULL, NULL, '1969-12-31', '1969-12-31', '1969-12-31', '1969-12-31', '0', 'Y', 'N', NULL, NULL, NULL, NULL, '1969-12-31', '1969-12-31', '1969-12-31', '1969-12-31', NULL, NULL, '0', 'Banner', 'KWEISS', NULL),
('200794', '92285', '1', 'CHEM', '0104', 'Z', 'I', 'LAB', 'M', 'General Chemistry II Lab', '0.000', '0.000', 'C', NULL, NULL, 'B1', 'Y', 'Y', NULL, '0', '8', '20', '20', '0', '20', '0.000', '0', '2007-09-21', '2007-06-13', '2007-09-10', '2007-12-07', '14', NULL, '0', '0', '0', '0.000', NULL, NULL, '0.000', NULL, NULL, '1969-12-31', '1969-12-31', '1969-12-31', '1969-12-31', '0', 'Y', 'N', NULL, NULL, NULL, NULL, '1969-12-31', '1969-12-31', '1969-12-31', '1969-12-31', NULL, NULL, '0', 'Banner', 'KWEISS', NULL),
('200794', '92595', '1', 'CHEM', '0104', 'U', 'I', 'DSC', 'M', 'Discussion', '0.000', '0.000', 'S', NULL, NULL, 'D1', 'Y', 'N', NULL, '0', '9', '25', '30', '0', '30', '0.000', '0', '2007-09-21', '2007-06-13', '2007-09-10', '2007-12-07', '14', NULL, '0', '0', '0', '0.000', NULL, NULL, '0.000', NULL, NULL, '1969-12-31', '1969-12-31', '1969-12-31', '1969-12-31', '0', 'Y', 'N', NULL, NULL, NULL, NULL, '1969-12-31', '1969-12-31', '1969-12-31', '1969-12-31', NULL, NULL, '0', 'Banner', 'KWEISS', NULL),
('200795', '90047', '1', 'CHEM', '0104', 'A', 'A', 'LCT', 'M', NULL, '1.000', '1.000', 'S', NULL, NULL, 'L1', 'Y', 'Y', NULL, '3', '21', '48', '60', '2', '58', '2.000', '2', '2007-09-21', '2007-06-26', '2007-09-10', '2007-12-07', '14', NULL, '0', '0', '0', '1.000', NULL, NULL, '1.000', NULL, NULL, '1969-12-31', '1969-12-31', '1969-12-31', '1969-12-31', '0', 'Y', 'N', NULL, NULL, NULL, NULL, '1969-12-31', '1969-12-31', '1969-12-31', '1969-12-31', NULL, NULL, '0', 'Banner', 'WWW_USER', NULL),
('200795', '90052', '1', 'CHEM', '0104', 'T', 'I', 'DSC', 'M', 'Discussion', '0.000', '0.000', 'S', NULL, NULL, 'D1', 'Y', 'N', NULL, '0', '12', '25', '30', '0', '30', '0.000', '0', '2007-09-21', '2007-06-13', '2007-09-10', '2007-12-07', '14', NULL, '0', '0', '0', '0.000', NULL, NULL, '0.000', NULL, NULL, '1969-12-31', '1969-12-31', '1969-12-31', '1969-12-31', '0', 'Y', 'N', NULL, NULL, NULL, NULL, '1969-12-31', '1969-12-31', '1969-12-31', '1969-12-31', NULL, NULL, '0', 'Banner', 'KWEISS', NULL),
('200795', '90057', '1', 'CHEM', '0104', 'W', 'I', 'LAB', 'M', 'General Chemistry II Lab', '0.000', '0.000', 'C', NULL, NULL, 'B1', 'Y', 'Y', NULL, '0', '10', '20', '20', '0', '20', '0.000', '0', '2007-09-21', '2007-06-13', '2007-09-10', '2007-12-07', '14', NULL, '0', '0', '0', '0.000', NULL, NULL, '0.000', NULL, NULL, '1969-12-31', '1969-12-31', '1969-12-31', '1969-12-31', '0', 'Y', 'N', NULL, NULL, NULL, NULL, '1969-12-31', '1969-12-31', '1969-12-31', '1969-12-31', NULL, NULL, '0', 'Banner', 'KWEISS', NULL),
('200795', '92285', '1', 'CHEM', '0104', 'Z', 'I', 'LAB', 'M', 'General Chemistry II Lab', '0.000', '0.000', 'C', NULL, NULL, 'B1', 'Y', 'Y', NULL, '0', '8', '20', '20', '0', '20', '0.000', '0', '2007-09-21', '2007-06-13', '2007-09-10', '2007-12-07', '14', NULL, '0', '0', '0', '0.000', NULL, NULL, '0.000', NULL, NULL, '1969-12-31', '1969-12-31', '1969-12-31', '1969-12-31', '0', 'Y', 'N', NULL, NULL, NULL, NULL, '1969-12-31', '1969-12-31', '1969-12-31', '1969-12-31', NULL, NULL, '0', 'Banner', 'KWEISS', NULL),
('200795', '92595', '1', 'CHEM', '0104', 'U', 'I', 'DSC', 'M', 'Discussion', '0.000', '0.000', 'S', NULL, NULL, 'D1', 'Y', 'N', NULL, '0', '9', '25', '30', '0', '30', '0.000', '0', '2007-09-21', '2007-06-13', '2007-09-10', '2007-12-07', '14', NULL, '0', '0', '0', '0.000', NULL, NULL, '0.000', NULL, NULL, '1969-12-31', '1969-12-31', '1969-12-31', '1969-12-31', '0', 'Y', 'N', NULL, NULL, NULL, NULL, '1969-12-31', '1969-12-31', '1969-12-31', '1969-12-31', NULL, NULL, '0', 'Banner', 'KWEISS', NULL),
('200820', '20016', '1', 'CHEM', '0104', 'A', 'A', 'LCT', 'M', NULL, '1.000', '1.000', 'S', NULL, NULL, 'L1', 'Y', 'Y', NULL, '78', '57', '76', '72', '64', '8', '64.000', '64', '2008-02-22', '2008-02-22', '2008-02-11', '2008-05-09', '14', NULL, '0', '0', '0', '1.000', NULL, NULL, '1.000', 'E', NULL, '1969-12-31', '1969-12-31', '1969-12-31', '1969-12-31', '0', 'Y', 'N', NULL, NULL, NULL, NULL, '1969-12-31', '1969-12-31', '1969-12-31', '1969-12-31', NULL, NULL, '0', 'Banner', 'JRHEAUME', NULL),
('200820', '20019', '1', 'CHEM', '0104', 'S', 'I', 'DSC', 'M', 'Discussion', '0.000', '0.000', 'S', NULL, NULL, 'D1', 'Y', 'N', NULL, '0', '22', '22', '22', '0', '22', '0.000', '0', '2008-02-22', '2007-10-03', '2008-02-11', '2008-05-09', '14', NULL, '0', '0', '0', '0.000', NULL, NULL, '0.000', NULL, NULL, '1969-12-31', '1969-12-31', '1969-12-31', '1969-12-31', '0', 'Y', 'N', NULL, NULL, NULL, NULL, '1969-12-31', '1969-12-31', '1969-12-31', '1969-12-31', NULL, NULL, '0', 'Banner', 'JMMAYER', NULL),
('200820', '20021', '1', 'CHEM', '0104', 'W', 'A', 'LAB', 'M', 'General Chemistry II Lab', '0.000', '0.000', 'C', NULL, NULL, 'B1', 'Y', 'Y', NULL, '27', '12', '18', '18', '15', '3', '0.000', '15', '2008-02-22', '2008-02-22', '2008-02-11', '2008-05-09', '14', NULL, '0', '0', '0', '0.000', NULL, NULL, '0.000', NULL, NULL, '1969-12-31', '1969-12-31', '1969-12-31', '1969-12-31', '0', 'Y', 'N', NULL, NULL, NULL, NULL, '1969-12-31', '1969-12-31', '1969-12-31', '1969-12-31', NULL, NULL, '0', 'Banner', 'JRHEAUME', NULL),
('200820', '20023', '1', 'CHEM', '0104', 'Y', 'A', 'LAB', 'M', 'General Chemistry II Lab', '0.000', '0.000', 'C', NULL, NULL, 'B1', 'Y', 'Y', NULL, '20', '14', '18', '18', '14', '4', '0.000', '14', '2008-02-22', '2008-02-22', '2008-02-11', '2008-05-09', '14', NULL, '0', '0', '0', '0.000', NULL, NULL, '0.000', NULL, NULL, '1969-12-31', '1969-12-31', '1969-12-31', '1969-12-31', '0', 'Y', 'N', NULL, NULL, NULL, NULL, '1969-12-31', '1969-12-31', '1969-12-31', '1969-12-31', NULL, NULL, '0', 'Banner', 'LEROYG', NULL),
('200820', '20509', '1', 'CHEM', '0104', 'T', 'I', 'DSC', 'M', 'Discussion', '0.000', '0.000', 'S', NULL, NULL, 'D1', 'Y', 'N', NULL, '0', '18', '18', '18', '0', '18', '0.000', '0', '2008-02-22', '2007-10-03', '2008-02-11', '2008-05-09', '14', NULL, '0', '0', '0', '0.000', NULL, NULL, '0.000', NULL, NULL, '1969-12-31', '1969-12-31', '1969-12-31', '1969-12-31', '0', 'Y', 'N', NULL, NULL, NULL, NULL, '1969-12-31', '1969-12-31', '1969-12-31', '1969-12-31', NULL, NULL, '0', 'Banner', 'JMMAYER', NULL),
('200820', '20510', '1', 'CHEM', '0104', 'U', 'I', 'DSC', 'M', 'Discussion', '0.000', '0.000', 'S', NULL, NULL, 'D1', 'Y', 'N', NULL, '0', '3', '14', '14', '0', '14', '0.000', '0', '2008-02-22', '2007-10-03', '2008-02-11', '2008-05-09', '14', NULL, '0', '0', '0', '0.000', NULL, NULL, '0.000', NULL, NULL, '1969-12-31', '1969-12-31', '1969-12-31', '1969-12-31', '0', 'Y', 'N', NULL, NULL, NULL, NULL, '1969-12-31', '1969-12-31', '1969-12-31', '1969-12-31', NULL, NULL, '0', 'Banner', 'JMMAYER', NULL),
('200820', '20511', '1', 'CHEM', '0104', 'X', 'A', 'LAB', 'M', 'General Chemistry II Lab', '0.000', '0.000', 'C', NULL, NULL, 'B1', 'Y', 'Y', NULL, '23', '15', '18', '18', '16', '2', '0.000', '16', '2008-02-22', '2008-02-21', '2008-02-11', '2008-05-09', '14', NULL, '0', '0', '0', '0.000', NULL, NULL, '0.000', NULL, NULL, '1969-12-31', '1969-12-31', '1969-12-31', '1969-12-31', '0', 'Y', 'N', NULL, NULL, NULL, NULL, '1969-12-31', '1969-12-31', '1969-12-31', '1969-12-31', NULL, NULL, '0', 'Banner', 'MBARTZ', NULL),
('200820', '20514', '1', 'CHEM', '0104', 'Z', 'A', 'LAB', 'M', 'General Chemistry II Lab', '0.000', '0.000', 'C', NULL, NULL, 'B1', 'Y', 'Y', NULL, '23', '16', '18', '18', '19', '-1', '0.000', '19', '2008-02-22', '2008-02-22', '2008-02-11', '2008-05-09', '14', NULL, '0', '0', '0', '0.000', NULL, NULL, '0.000', NULL, NULL, '1969-12-31', '1969-12-31', '1969-12-31', '1969-12-31', '0', 'Y', 'N', NULL, NULL, NULL, NULL, '1969-12-31', '1969-12-31', '1969-12-31', '1969-12-31', NULL, NULL, '0', 'Banner', 'LEROYG', NULL),
('200820', '22255', '1', 'CHEM', '0104', 'V', 'I', 'DSC', 'M', 'Discussion', '0.000', '0.000', 'S', NULL, NULL, 'D1', 'Y', 'N', NULL, '0', '14', '18', '18', '0', '18', '0.000', '0', '2008-02-22', '2007-10-03', '2008-02-11', '2008-05-09', '14', NULL, '0', '0', '0', '0.000', NULL, NULL, '0.000', NULL, NULL, '1969-12-31', '1969-12-31', '1969-12-31', '1969-12-31', '0', 'Y', 'N', NULL, NULL, NULL, NULL, '1969-12-31', '1969-12-31', '1969-12-31', '1969-12-31', NULL, NULL, '0', 'Banner', 'JMMAYER', NULL),
('200823', '20016', '1', 'CHEM', '0104', 'A', 'A', 'LCT', 'M', NULL, '1.000', '1.000', 'S', NULL, NULL, 'L1', 'Y', 'Y', NULL, '35', '0', '76', '72', '27', '45', '27.000', '27', '2008-02-22', '2007-11-15', '2008-02-11', '2008-05-09', '14', NULL, '0', '0', '0', '1.000', NULL, NULL, '1.000', 'E', NULL, '1969-12-31', '1969-12-31', '1969-12-31', '1969-12-31', '0', 'Y', 'N', NULL, NULL, NULL, NULL, '1969-12-31', '1969-12-31', '1969-12-31', '1969-12-31', NULL, NULL, '0', 'Banner', 'WWW_USER', NULL),
('200823', '20021', '1', 'CHEM', '0104', 'W', 'A', 'LAB', 'M', 'General Chemistry II Lab', '0.000', '0.000', 'C', NULL, NULL, 'B1', 'Y', 'Y', NULL, '5', '0', '18', '18', '5', '13', '0.000', '5', '2008-02-22', '2007-11-13', '2008-02-11', '2008-05-09', '14', NULL, '0', '0', '0', '0.000', NULL, NULL, '0.000', NULL, NULL, '1969-12-31', '1969-12-31', '1969-12-31', '1969-12-31', '0', 'Y', 'N', NULL, NULL, NULL, NULL, '1969-12-31', '1969-12-31', '1969-12-31', '1969-12-31', NULL, NULL, '0', 'Banner', 'WWW_USER', NULL),
('200823', '20023', '1', 'CHEM', '0104', 'Y', 'A', 'LAB', 'M', 'General Chemistry II Lab', '0.000', '0.000', 'C', NULL, NULL, 'B1', 'Y', 'Y', NULL, '8', '0', '18', '18', '5', '13', '0.000', '5', '2008-02-22', '2007-11-15', '2008-02-11', '2008-05-09', '14', NULL, '0', '0', '0', '0.000', NULL, NULL, '0.000', NULL, NULL, '1969-12-31', '1969-12-31', '1969-12-31', '1969-12-31', '0', 'Y', 'N', NULL, NULL, NULL, NULL, '1969-12-31', '1969-12-31', '1969-12-31', '1969-12-31', NULL, NULL, '0', 'Banner', 'WWW_USER', NULL),
('200823', '20511', '1', 'CHEM', '0104', 'X', 'A', 'LAB', 'M', 'General Chemistry II Lab', '0.000', '0.000', 'C', NULL, NULL, 'B1', 'Y', 'Y', NULL, '16', '0', '18', '18', '11', '7', '0.000', '11', '2008-02-22', '2007-11-13', '2008-02-11', '2008-05-09', '14', NULL, '0', '0', '0', '0.000', NULL, NULL, '0.000', NULL, NULL, '1969-12-31', '1969-12-31', '1969-12-31', '1969-12-31', '0', 'Y', 'N', NULL, NULL, NULL, NULL, '1969-12-31', '1969-12-31', '1969-12-31', '1969-12-31', NULL, NULL, '0', 'Banner', 'WWW_USER', NULL),
('200823', '20514', '1', 'CHEM', '0104', 'Z', 'A', 'LAB', 'M', 'General Chemistry II Lab', '0.000', '0.000', 'C', NULL, NULL, 'B1', 'Y', 'Y', NULL, '8', '0', '18', '18', '6', '12', '0.000', '6', '2008-02-22', '2007-11-14', '2008-02-11', '2008-05-09', '14', NULL, '0', '0', '0', '0.000', NULL, NULL, '0.000', NULL, NULL, '1969-12-31', '1969-12-31', '1969-12-31', '1969-12-31', '0', 'Y', 'N', NULL, NULL, NULL, NULL, '1969-12-31', '1969-12-31', '1969-12-31', '1969-12-31', NULL, NULL, '0', 'Banner', 'WWW_USER', NULL),
('200824', '20016', '1', 'CHEM', '0104', 'A', 'I', 'LCT', 'M', NULL, '1.000', '1.000', 'S', NULL, NULL, 'L1', 'Y', 'Y', NULL, '0', '65', '76', '72', '0', '72', '0.000', '0', '2008-02-22', '2007-12-11', '2008-02-11', '2008-05-09', '14', NULL, '0', '0', '0', '1.000', NULL, NULL, '1.000', 'E', NULL, '1969-12-31', '1969-12-31', '1969-12-31', '1969-12-31', '0', 'Y', 'N', NULL, NULL, NULL, NULL, '1969-12-31', '1969-12-31', '1969-12-31', '1969-12-31', NULL, NULL, '0', 'Banner', 'KWEISS', NULL),
('200824', '20021', '1', 'CHEM', '0104', 'W', 'I', 'LAB', 'M', 'General Chemistry II Lab', '0.000', '0.000', 'C', NULL, NULL, 'B1', 'Y', 'Y', NULL, '0', '13', '18', '18', '0', '18', '0.000', '0', '2008-02-22', '2007-12-11', '2008-02-11', '2008-05-09', '14', NULL, '0', '0', '0', '0.000', NULL, NULL, '0.000', NULL, NULL, '1969-12-31', '1969-12-31', '1969-12-31', '1969-12-31', '0', 'Y', 'N', NULL, NULL, NULL, NULL, '1969-12-31', '1969-12-31', '1969-12-31', '1969-12-31', NULL, NULL, '0', 'Banner', 'KWEISS', NULL),
('200824', '20023', '1', 'CHEM', '0104', 'Y', 'I', 'LAB', 'M', 'General Chemistry II Lab', '0.000', '0.000', 'C', NULL, NULL, 'B1', 'Y', 'Y', NULL, '0', '16', '18', '18', '0', '18', '0.000', '0', '2008-02-22', '2007-12-11', '2008-02-11', '2008-05-09', '14', NULL, '0', '0', '0', '0.000', NULL, NULL, '0.000', NULL, NULL, '1969-12-31', '1969-12-31', '1969-12-31', '1969-12-31', '0', 'Y', 'N', NULL, NULL, NULL, NULL, '1969-12-31', '1969-12-31', '1969-12-31', '1969-12-31', NULL, NULL, '0', 'Banner', 'KWEISS', NULL),
('200824', '20511', '1', 'CHEM', '0104', 'X', 'I', 'LAB', 'M', 'General Chemistry II Lab', '0.000', '0.000', 'C', NULL, NULL, 'B1', 'Y', 'Y', NULL, '0', '18', '18', '18', '0', '18', '0.000', '0', '2008-02-22', '2007-12-11', '2008-02-11', '2008-05-09', '14', NULL, '0', '0', '0', '0.000', NULL, NULL, '0.000', NULL, NULL, '1969-12-31', '1969-12-31', '1969-12-31', '1969-12-31', '0', 'Y', 'N', NULL, NULL, NULL, NULL, '1969-12-31', '1969-12-31', '1969-12-31', '1969-12-31', NULL, NULL, '0', 'Banner', 'KWEISS', NULL),
('200824', '20514', '1', 'CHEM', '0104', 'Z', 'I', 'LAB', 'M', 'General Chemistry II Lab', '0.000', '0.000', 'C', NULL, NULL, 'B1', 'Y', 'Y', NULL, '0', '18', '18', '18', '0', '18', '0.000', '0', '2008-02-22', '2007-12-11', '2008-02-11', '2008-05-09', '14', NULL, '0', '0', '0', '0.000', NULL, NULL, '0.000', NULL, NULL, '1969-12-31', '1969-12-31', '1969-12-31', '1969-12-31', '0', 'Y', 'N', NULL, NULL, NULL, NULL, '1969-12-31', '1969-12-31', '1969-12-31', '1969-12-31', NULL, NULL, '0', 'Banner', 'KWEISS', NULL),
('200825', '20016', '1', 'CHEM', '0104', 'A', 'A', 'LCT', 'M', NULL, '1.000', '1.000', 'S', NULL, NULL, 'L1', 'Y', 'Y', NULL, '0', '65', '76', '72', '0', '72', '0.000', '0', '2008-02-22', '2007-12-11', '2008-02-11', '2008-05-09', '14', NULL, '0', '0', '0', '1.000', NULL, NULL, '1.000', 'E', NULL, '1969-12-31', '1969-12-31', '1969-12-31', '1969-12-31', '0', 'Y', 'N', NULL, NULL, NULL, NULL, '1969-12-31', '1969-12-31', '1969-12-31', '1969-12-31', NULL, NULL, '0', 'Banner', 'KWEISS', NULL),
('200825', '20021', '1', 'CHEM', '0104', 'W', 'I', 'LAB', 'M', 'General Chemistry II Lab', '0.000', '0.000', 'C', NULL, NULL, 'B1', 'Y', 'Y', NULL, '0', '13', '18', '18', '0', '18', '0.000', '0', '2008-02-22', '2007-12-11', '2008-02-11', '2008-05-09', '14', NULL, '0', '0', '0', '0.000', NULL, NULL, '0.000', NULL, NULL, '1969-12-31', '1969-12-31', '1969-12-31', '1969-12-31', '0', 'Y', 'N', NULL, NULL, NULL, NULL, '1969-12-31', '1969-12-31', '1969-12-31', '1969-12-31', NULL, NULL, '0', 'Banner', 'KWEISS', NULL),
('200825', '20023', '1', 'CHEM', '0104', 'Y', 'I', 'LAB', 'M', 'General Chemistry II Lab', '0.000', '0.000', 'C', NULL, NULL, 'B1', 'Y', 'Y', NULL, '0', '16', '18', '18', '0', '18', '0.000', '0', '2008-02-22', '2007-12-11', '2008-02-11', '2008-05-09', '14', NULL, '0', '0', '0', '0.000', NULL, NULL, '0.000', NULL, NULL, '1969-12-31', '1969-12-31', '1969-12-31', '1969-12-31', '0', 'Y', 'N', NULL, NULL, NULL, NULL, '1969-12-31', '1969-12-31', '1969-12-31', '1969-12-31', NULL, NULL, '0', 'Banner', 'KWEISS', NULL),
('200825', '20511', '1', 'CHEM', '0104', 'X', 'I', 'LAB', 'M', 'General Chemistry II Lab', '0.000', '0.000', 'C', NULL, NULL, 'B1', 'Y', 'Y', NULL, '0', '18', '18', '18', '0', '18', '0.000', '0', '2008-02-22', '2007-12-11', '2008-02-11', '2008-05-09', '14', NULL, '0', '0', '0', '0.000', NULL, NULL, '0.000', NULL, NULL, '1969-12-31', '1969-12-31', '1969-12-31', '1969-12-31', '0', 'Y', 'N', NULL, NULL, NULL, NULL, '1969-12-31', '1969-12-31', '1969-12-31', '1969-12-31', NULL, NULL, '0', 'Banner', 'KWEISS', NULL),
('200825', '20514', '1', 'CHEM', '0104', 'Z', 'I', 'LAB', 'M', 'General Chemistry II Lab', '0.000', '0.000', 'C', NULL, NULL, 'B1', 'Y', 'Y', NULL, '0', '18', '18', '18', '0', '18', '0.000', '0', '2008-02-22', '2007-12-11', '2008-02-11', '2008-05-09', '14', NULL, '0', '0', '0', '0.000', NULL, NULL, '0.000', NULL, NULL, '1969-12-31', '1969-12-31', '1969-12-31', '1969-12-31', '0', 'Y', 'N', NULL, NULL, NULL, NULL, '1969-12-31', '1969-12-31', '1969-12-31', '1969-12-31', NULL, NULL, '0', 'Banner', 'KWEISS', NULL),
('200890', '90040', '1', 'CHEM', '0104', 'A', 'A', 'LCT', 'M', NULL, '1.000', '1.000', 'S', NULL, NULL, 'L1', 'Y', 'Y', NULL, '32', '30', '48', '40', '24', '16', '24.000', '28', '2008-09-19', '2008-12-12', '2008-09-08', '2008-12-05', '14', NULL, '0', '0', '0', '1.000', NULL, NULL, '1.000', NULL, NULL, '1969-12-31', '1969-12-31', '1969-12-31', '1969-12-31', '0', 'Y', 'N', NULL, NULL, NULL, NULL, '1969-12-31', '1969-12-31', '1969-12-31', '1969-12-31', NULL, NULL, '0', 'Banner', 'AROULEAU', NULL),
('200890', '90045', '1', 'CHEM', '0104', 'T', 'A', 'DSC', 'M', 'Discussion', '0.000', '0.000', 'S', NULL, NULL, 'D1', 'Y', 'N', NULL, '32', '17', '25', '40', '24', '16', '0.000', '28', '2008-09-19', '2008-12-12', '2008-09-08', '2008-12-05', '14', NULL, '0', '0', '0', '0.000', NULL, NULL, '0.000', NULL, NULL, '1969-12-31', '1969-12-31', '1969-12-31', '1969-12-31', '0', 'Y', 'N', NULL, NULL, NULL, NULL, '1969-12-31', '1969-12-31', '1969-12-31', '1969-12-31', NULL, NULL, '0', 'Banner', 'AROULEAU', NULL),
('200890', '90050', '1', 'CHEM', '0104', 'W', 'A', 'LAB', 'M', 'General Chemistry II Lab', '0.000', '0.000', 'C', NULL, NULL, 'B1', 'Y', 'Y', NULL, '17', '13', '20', '20', '13', '7', '0.000', '14', '2008-09-19', '2008-09-19', '2008-09-08', '2008-12-05', '14', NULL, '0', '0', '0', '0.000', NULL, NULL, '0.000', NULL, NULL, '1969-12-31', '1969-12-31', '1969-12-31', '1969-12-31', '0', 'Y', 'N', NULL, NULL, NULL, NULL, '1969-12-31', '1969-12-31', '1969-12-31', '1969-12-31', NULL, NULL, '0', 'Banner', 'WWW_USER', NULL),
('200890', '91368', '1', 'CHEM', '0104', 'Z', 'A', 'LAB', 'M', 'General Chemistry II Lab', '0.000', '0.000', 'C', NULL, NULL, 'B1', 'Y', 'Y', NULL, '15', '16', '20', '20', '11', '9', '0.000', '14', '2008-09-19', '2008-12-12', '2008-09-08', '2008-12-05', '14', NULL, '0', '0', '0', '0.000', NULL, NULL, '0.000', NULL, NULL, '1969-12-31', '1969-12-31', '1969-12-31', '1969-12-31', '0', 'Y', 'N', NULL, NULL, NULL, NULL, '1969-12-31', '1969-12-31', '1969-12-31', '1969-12-31', NULL, NULL, '0', 'Banner', 'AROULEAU', NULL),
('200890', '91460', '1', 'CHEM', '0104', 'U', 'I', 'DSC', 'M', 'Discussion', '0.000', '0.000', 'S', NULL, NULL, 'D1', 'Y', 'N', NULL, '0', '13', '25', '30', '0', '30', '0.000', '0', '2008-09-19', '2008-03-06', '2008-09-08', '2008-12-05', '14', NULL, '0', '0', '0', '0.000', NULL, NULL, '0.000', NULL, NULL, '1969-12-31', '1969-12-31', '1969-12-31', '1969-12-31', '0', 'Y', 'N', NULL, NULL, NULL, NULL, '1969-12-31', '1969-12-31', '1969-12-31', '1969-12-31', NULL, NULL, '0', 'Banner', 'JMMAYER', NULL),
('200893', '90040', '1', 'CHEM', '0104', 'A', 'A', 'LCT', 'M', NULL, '1.000', '1.000', 'S', NULL, NULL, 'L1', 'Y', 'Y', NULL, '7', '0', '48', '40', '6', '34', '6.000', '6', '2008-09-19', '2008-04-22', '2008-09-08', '2008-12-16', '14', NULL, '0', '0', '0', '1.000', NULL, NULL, '1.000', NULL, NULL, '1969-12-31', '1969-12-31', '1969-12-31', '1969-12-31', '0', 'Y', 'N', NULL, NULL, NULL, NULL, '1969-12-31', '1969-12-31', '1969-12-31', '1969-12-31', NULL, NULL, '0', 'Banner', 'WWW_USER', NULL),
('200893', '90045', '1', 'CHEM', '0104', 'T', 'A', 'DSC', 'M', 'Discussion', '0.000', '0.000', 'S', NULL, NULL, 'D1', 'Y', 'N', NULL, '7', '0', '25', '40', '6', '34', '0.000', '6', '2008-09-19', '2008-04-22', '2008-09-08', '2008-12-16', '14', NULL, '0', '0', '0', '0.000', NULL, NULL, '0.000', NULL, NULL, '1969-12-31', '1969-12-31', '1969-12-31', '1969-12-31', '0', 'Y', 'N', NULL, NULL, NULL, NULL, '1969-12-31', '1969-12-31', '1969-12-31', '1969-12-31', NULL, NULL, '0', 'Banner', 'WWW_USER', NULL),
('200893', '90050', '1', 'CHEM', '0104', 'W', 'A', 'LAB', 'M', 'General Chemistry II Lab', '0.000', '0.000', 'C', NULL, NULL, 'B1', 'Y', 'Y', NULL, '5', '0', '20', '20', '4', '16', '0.000', '4', '2008-09-19', '2008-04-22', '2008-09-08', '2008-12-16', '14', NULL, '0', '0', '0', '0.000', NULL, NULL, '0.000', NULL, NULL, '1969-12-31', '1969-12-31', '1969-12-31', '1969-12-31', '0', 'Y', 'N', NULL, NULL, NULL, NULL, '1969-12-31', '1969-12-31', '1969-12-31', '1969-12-31', NULL, NULL, '0', 'Banner', 'WWW_USER', NULL),
('200893', '91368', '1', 'CHEM', '0104', 'Z', 'A', 'LAB', 'M', 'General Chemistry II Lab', '0.000', '0.000', 'C', NULL, NULL, 'B1', 'Y', 'Y', NULL, '2', '0', '20', '20', '2', '18', '0.000', '2', '2008-09-19', '2008-04-17', '2008-09-08', '2008-12-16', '14', NULL, '0', '0', '0', '0.000', NULL, NULL, '0.000', NULL, NULL, '1969-12-31', '1969-12-31', '1969-12-31', '1969-12-31', '0', 'Y', 'N', NULL, NULL, NULL, NULL, '1969-12-31', '1969-12-31', '1969-12-31', '1969-12-31', NULL, NULL, '0', 'Banner', 'WWW_USER', NULL),
('200894', '90040', '1', 'CHEM', '0104', 'A', 'I', 'LCT', 'M', NULL, '1.000', '1.000', 'S', NULL, NULL, 'L1', 'Y', 'Y', NULL, '0', '20', '48', '40', '0', '40', '0.000', '0', '2008-09-19', '2008-05-27', '2008-09-08', '2008-12-05', '14', NULL, '0', '0', '0', '1.000', NULL, NULL, '1.000', NULL, NULL, '2008-10-01', '1969-12-31', '1969-12-31', '1969-12-31', '0', 'Y', 'N', NULL, NULL, NULL, NULL, '1969-12-31', '1969-12-31', '1969-12-31', '1969-12-31', NULL, NULL, '0', 'Banner', 'JFEEHAN', NULL),
('200894', '90045', '1', 'CHEM', '0104', 'T', 'I', 'DSC', 'M', 'Discussion', '0.000', '0.000', 'S', NULL, NULL, 'D1', 'Y', 'N', NULL, '0', '20', '25', '40', '0', '40', '0.000', '0', '2008-09-19', '2008-05-27', '2008-09-08', '2008-12-05', '14', NULL, '0', '0', '0', '0.000', NULL, NULL, '0.000', NULL, NULL, '2008-10-01', '1969-12-31', '1969-12-31', '1969-12-31', '0', 'Y', 'N', NULL, NULL, NULL, NULL, '1969-12-31', '1969-12-31', '1969-12-31', '1969-12-31', NULL, NULL, '0', 'Banner', 'JFEEHAN', NULL),
('200894', '90050', '1', 'CHEM', '0104', 'W', 'I', 'LAB', 'M', 'General Chemistry II Lab', '0.000', '0.000', 'C', NULL, NULL, 'B1', 'Y', 'Y', NULL, '0', '12', '20', '20', '0', '20', '0.000', '0', '2008-09-19', '2008-05-27', '2008-09-08', '2008-12-05', '14', NULL, '0', '0', '0', '0.000', NULL, NULL, '0.000', NULL, NULL, '2008-10-01', '1969-12-31', '1969-12-31', '1969-12-31', '0', 'Y', 'N', NULL, NULL, NULL, NULL, '1969-12-31', '1969-12-31', '1969-12-31', '1969-12-31', NULL, NULL, '0', 'Banner', 'JFEEHAN', NULL),
('200894', '91368', '1', 'CHEM', '0104', 'Z', 'I', 'LAB', 'M', 'General Chemistry II Lab', '0.000', '0.000', 'C', NULL, NULL, 'B1', 'Y', 'Y', NULL, '0', '8', '20', '20', '0', '20', '0.000', '0', '2008-09-19', '2008-05-27', '2008-09-08', '2008-12-05', '14', NULL, '0', '0', '0', '0.000', NULL, NULL, '0.000', NULL, NULL, '2008-10-01', '1969-12-31', '1969-12-31', '1969-12-31', '0', 'Y', 'N', NULL, NULL, NULL, NULL, '1969-12-31', '1969-12-31', '1969-12-31', '1969-12-31', NULL, NULL, '0', 'Banner', 'JFEEHAN', NULL),
('200895', '90040', '1', 'CHEM', '0104', 'A', 'A', 'LCT', 'M', NULL, '1.000', '1.000', 'S', NULL, NULL, 'L1', 'Y', 'Y', NULL, '0', '20', '48', '40', '0', '40', '0.000', '0', '2008-09-19', '2008-05-27', '2008-09-08', '2008-12-05', '14', NULL, '0', '0', '0', '1.000', NULL, NULL, '1.000', NULL, NULL, '2008-10-01', '1969-12-31', '1969-12-31', '1969-12-31', '0', 'Y', 'N', NULL, NULL, NULL, NULL, '1969-12-31', '1969-12-31', '1969-12-31', '1969-12-31', NULL, NULL, '0', 'Banner', 'JFEEHAN', NULL),
('200895', '90045', '1', 'CHEM', '0104', 'T', 'I', 'DSC', 'M', 'Discussion', '0.000', '0.000', 'S', NULL, NULL, 'D1', 'Y', 'N', NULL, '0', '20', '25', '40', '0', '40', '0.000', '0', '2008-09-19', '2008-05-27', '2008-09-08', '2008-12-05', '14', NULL, '0', '0', '0', '0.000', NULL, NULL, '0.000', NULL, NULL, '2008-10-01', '1969-12-31', '1969-12-31', '1969-12-31', '0', 'Y', 'N', NULL, NULL, NULL, NULL, '1969-12-31', '1969-12-31', '1969-12-31', '1969-12-31', NULL, NULL, '0', 'Banner', 'JFEEHAN', NULL),
('200895', '90050', '1', 'CHEM', '0104', 'W', 'I', 'LAB', 'M', 'General Chemistry II Lab', '0.000', '0.000', 'C', NULL, NULL, 'B1', 'Y', 'Y', NULL, '0', '12', '20', '20', '0', '20', '0.000', '0', '2008-09-19', '2008-05-27', '2008-09-08', '2008-12-05', '14', NULL, '0', '0', '0', '0.000', NULL, NULL, '0.000', NULL, NULL, '2008-10-01', '1969-12-31', '1969-12-31', '1969-12-31', '0', 'Y', 'N', NULL, NULL, NULL, NULL, '1969-12-31', '1969-12-31', '1969-12-31', '1969-12-31', NULL, NULL, '0', 'Banner', 'JFEEHAN', NULL),
('200895', '91368', '1', 'CHEM', '0104', 'Z', 'I', 'LAB', 'M', 'General Chemistry II Lab', '0.000', '0.000', 'C', NULL, NULL, 'B1', 'Y', 'Y', NULL, '0', '8', '20', '20', '0', '20', '0.000', '0', '2008-09-19', '2008-05-27', '2008-09-08', '2008-12-05', '14', NULL, '0', '0', '0', '0.000', NULL, NULL, '0.000', NULL, NULL, '2008-10-01', '1969-12-31', '1969-12-31', '1969-12-31', '0', 'Y', 'N', NULL, NULL, NULL, NULL, '1969-12-31', '1969-12-31', '1969-12-31', '1969-12-31', NULL, NULL, '0', 'Banner', 'JFEEHAN', NULL),
('200920', '20016', '1', 'CHEM', '0104', 'A', 'A', 'LCT', 'M', NULL, '1.000', '1.000', 'S', NULL, NULL, 'L1', 'Y', 'Y', NULL, '67', '64', '76', '72', '60', '12', '60.000', '59', '2009-02-20', '2009-03-11', '2009-02-09', '2009-05-08', '14', NULL, '0', '0', '0', '1.000', NULL, NULL, '1.000', 'E', NULL, '1969-12-31', '1969-12-31', '1969-12-31', '1969-12-31', '0', 'Y', 'N', NULL, NULL, NULL, NULL, '1969-12-31', '1969-12-31', '1969-12-31', '1969-12-31', NULL, NULL, '0', 'Banner', 'GGOTTLIE', NULL),
('200920', '20020', '1', 'CHEM', '0104', 'W', 'A', 'LAB', 'M', 'General Chemistry II Lab', '0.000', '0.000', 'C', NULL, NULL, 'B1', 'Y', 'Y', NULL, '19', '15', '18', '18', '16', '2', '0.000', '16', '2009-02-20', '2009-02-13', '2009-02-09', '2009-05-08', '14', NULL, '0', '0', '0', '0.000', NULL, NULL, '0.000', NULL, NULL, '1969-12-31', '1969-12-31', '1969-12-31', '1969-12-31', '0', 'Y', 'N', NULL, NULL, NULL, NULL, '1969-12-31', '1969-12-31', '1969-12-31', '1969-12-31', NULL, NULL, '0', 'Banner', 'MBARTZ', NULL),
('200920', '20022', '1', 'CHEM', '0104', 'Y', 'A', 'LAB', 'M', 'General Chemistry II Lab', '0.000', '0.000', 'C', NULL, NULL, 'B1', 'Y', 'Y', NULL, '17', '14', '18', '18', '14', '4', '0.000', '13', '2009-02-20', '2009-03-11', '2009-02-09', '2009-05-08', '14', NULL, '0', '0', '0', '0.000', NULL, NULL, '0.000', NULL, NULL, '1969-12-31', '1969-12-31', '1969-12-31', '1969-12-31', '0', 'Y', 'N', NULL, NULL, NULL, NULL, '1969-12-31', '1969-12-31', '1969-12-31', '1969-12-31', NULL, NULL, '0', 'Banner', 'GGOTTLIE', NULL),
('200920', '20489', '1', 'CHEM', '0104', 'X', 'A', 'LAB', 'M', 'General Chemistry II Lab', '0.000', '0.000', 'C', NULL, NULL, 'B1', 'Y', 'Y', NULL, '23', '16', '18', '18', '17', '1', '0.000', '17', '2009-02-20', '2009-02-13', '2009-02-09', '2009-05-08', '14', NULL, '0', '0', '0', '0.000', NULL, NULL, '0.000', NULL, NULL, '1969-12-31', '1969-12-31', '1969-12-31', '1969-12-31', '0', 'Y', 'N', NULL, NULL, NULL, NULL, '1969-12-31', '1969-12-31', '1969-12-31', '1969-12-31', NULL, NULL, '0', 'Banner', 'MBARTZ', NULL),
('200920', '20492', '1', 'CHEM', '0104', 'Z', 'A', 'LAB', 'M', 'General Chemistry II Lab', '0.000', '0.000', 'C', NULL, NULL, 'B1', 'Y', 'Y', NULL, '16', '19', '18', '18', '13', '5', '0.000', '13', '2009-02-20', '2009-02-16', '2009-02-09', '2009-05-08', '14', NULL, '0', '0', '0', '0.000', NULL, NULL, '0.000', NULL, NULL, '1969-12-31', '1969-12-31', '1969-12-31', '1969-12-31', '0', 'Y', 'N', NULL, NULL, NULL, NULL, '1969-12-31', '1969-12-31', '1969-12-31', '1969-12-31', NULL, NULL, '0', 'Banner', 'MBARTZ', NULL),
('200920', '22357', '1', 'CHEM', '0104', 'T', 'A', 'DSC', 'M', 'Discussion', '0.000', '0.000', 'S', NULL, NULL, 'D1', 'Y', 'N', NULL, '31', '0', '24', '24', '27', '-3', '0.000', '27', '2009-02-20', '2009-02-19', '2009-02-09', '2009-05-08', '14', NULL, '0', '0', '0', NULL, NULL, NULL, '0.000', NULL, NULL, '1969-12-31', '1969-12-31', '1969-12-31', '1969-12-31', '0', 'Y', 'N', NULL, NULL, NULL, NULL, '1969-12-31', '1969-12-31', '1969-12-31', '1969-12-31', NULL, NULL, '0', 'Banner', 'MBARTZ', NULL),
('200920', '22358', '1', 'CHEM', '0104', 'U', 'A', 'DSC', 'M', 'Discussion', '0.000', '0.000', 'S', NULL, NULL, 'D1', 'Y', 'N', NULL, '26', '0', '24', '24', '16', '8', '0.000', '15', '2009-02-20', '2009-03-11', '2009-02-09', '2009-05-08', '14', NULL, '0', '0', '0', NULL, NULL, NULL, '0.000', NULL, NULL, '1969-12-31', '1969-12-31', '1969-12-31', '1969-12-31', '0', 'Y', 'N', NULL, NULL, NULL, NULL, '1969-12-31', '1969-12-31', '1969-12-31', '1969-12-31', NULL, NULL, '0', 'Banner', 'GGOTTLIE', NULL),
('200920', '22359', '1', 'CHEM', '0104', 'V', 'A', 'DSC', 'M', 'Discussion', '0.000', '0.000', 'S', NULL, NULL, 'D1', 'Y', 'N', NULL, '25', '0', '24', '24', '17', '7', '0.000', '17', '2009-02-20', '2009-02-19', '2009-02-09', '2009-05-08', '14', NULL, '0', '0', '0', NULL, NULL, NULL, '0.000', NULL, NULL, '1969-12-31', '1969-12-31', '1969-12-31', '1969-12-31', '0', 'Y', 'N', NULL, NULL, NULL, NULL, '1969-12-31', '1969-12-31', '1969-12-31', '1969-12-31', NULL, NULL, '0', 'Banner', 'MBARTZ', NULL),
('200923', '20016', '1', 'CHEM', '0104', 'A', 'A', 'LCT', 'M', NULL, '1.000', '1.000', 'S', NULL, NULL, 'L1', 'Y', 'Y', NULL, '37', '0', '76', '72', '26', '46', '26.000', '26', '2009-02-20', '2008-11-11', '2009-02-09', '2009-05-08', '14', NULL, '0', '0', '0', '1.000', NULL, NULL, '1.000', 'E', NULL, '1969-12-31', '1969-12-31', '1969-12-31', '1969-12-31', '0', 'Y', 'N', NULL, NULL, NULL, NULL, '1969-12-31', '1969-12-31', '1969-12-31', '1969-12-31', NULL, NULL, '0', 'Banner', 'WWW_USER', NULL),
('200923', '20020', '1', 'CHEM', '0104', 'W', 'A', 'LAB', 'M', 'General Chemistry II Lab', '0.000', '0.000', 'C', NULL, NULL, 'B1', 'Y', 'Y', NULL, '9', '0', '18', '18', '6', '12', '0.000', '6', '2009-02-20', '2008-11-10', '2009-02-09', '2009-05-08', '14', NULL, '0', '0', '0', '0.000', NULL, NULL, '0.000', NULL, NULL, '1969-12-31', '1969-12-31', '1969-12-31', '1969-12-31', '0', 'Y', 'N', NULL, NULL, NULL, NULL, '1969-12-31', '1969-12-31', '1969-12-31', '1969-12-31', NULL, NULL, '0', 'Banner', 'WWW_USER', NULL),
('200923', '20022', '1', 'CHEM', '0104', 'Y', 'A', 'LAB', 'M', 'General Chemistry II Lab', '0.000', '0.000', 'C', NULL, NULL, 'B1', 'Y', 'Y', NULL, '10', '0', '18', '18', '8', '10', '0.000', '8', '2009-02-20', '2008-11-11', '2009-02-09', '2009-05-08', '14', NULL, '0', '0', '0', '0.000', NULL, NULL, '0.000', NULL, NULL, '1969-12-31', '1969-12-31', '1969-12-31', '1969-12-31', '0', 'Y', 'N', NULL, NULL, NULL, NULL, '1969-12-31', '1969-12-31', '1969-12-31', '1969-12-31', NULL, NULL, '0', 'Banner', 'WWW_USER', NULL),
('200923', '20489', '1', 'CHEM', '0104', 'X', 'A', 'LAB', 'M', 'General Chemistry II Lab', '0.000', '0.000', 'C', NULL, NULL, 'B1', 'Y', 'Y', NULL, '13', '0', '18', '18', '9', '9', '0.000', '9', '2009-02-20', '2008-11-11', '2009-02-09', '2009-05-08', '14', NULL, '0', '0', '0', '0.000', NULL, NULL, '0.000', NULL, NULL, '1969-12-31', '1969-12-31', '1969-12-31', '1969-12-31', '0', 'Y', 'N', NULL, NULL, NULL, NULL, '1969-12-31', '1969-12-31', '1969-12-31', '1969-12-31', NULL, NULL, '0', 'Banner', 'WWW_USER', NULL),
('200923', '20492', '1', 'CHEM', '0104', 'Z', 'A', 'LAB', 'M', 'General Chemistry II Lab', '0.000', '0.000', 'C', NULL, NULL, 'B1', 'Y', 'Y', NULL, '6', '0', '18', '18', '4', '14', '0.000', '4', '2009-02-20', '2008-11-10', '2009-02-09', '2009-05-08', '14', NULL, '0', '0', '0', '0.000', NULL, NULL, '0.000', NULL, NULL, '1969-12-31', '1969-12-31', '1969-12-31', '1969-12-31', '0', 'Y', 'N', NULL, NULL, NULL, NULL, '1969-12-31', '1969-12-31', '1969-12-31', '1969-12-31', NULL, NULL, '0', 'Banner', 'WWW_USER', NULL),
('200923', '22357', '1', 'CHEM', '0104', 'T', 'A', 'DSC', 'M', 'Discussion', '0.000', '0.000', 'S', NULL, NULL, 'D1', 'Y', 'N', NULL, '29', '0', '24', '24', '19', '5', '0.000', '19', '2009-02-20', '2008-11-11', '2009-02-09', '2009-05-08', '14', NULL, '0', '0', '0', NULL, NULL, NULL, '0.000', NULL, NULL, '1969-12-31', '1969-12-31', '1969-12-31', '1969-12-31', '0', 'Y', 'N', NULL, NULL, NULL, NULL, '1969-12-31', '1969-12-31', '1969-12-31', '1969-12-31', NULL, NULL, '0', 'Banner', 'WWW_USER', NULL),
('200923', '22358', '1', 'CHEM', '0104', 'U', 'A', 'DSC', 'M', 'Discussion', '0.000', '0.000', 'S', NULL, NULL, 'D1', 'Y', 'N', NULL, '1', '0', '24', '24', '0', '24', '0.000', '0', '2009-02-20', '2008-11-10', '2009-02-09', '2009-05-08', '14', NULL, '0', '0', '0', NULL, NULL, NULL, '0.000', NULL, NULL, '1969-12-31', '1969-12-31', '1969-12-31', '1969-12-31', '0', 'Y', 'N', NULL, NULL, NULL, NULL, '1969-12-31', '1969-12-31', '1969-12-31', '1969-12-31', NULL, NULL, '0', 'Banner', 'WWW_USER', NULL),
('200923', '22359', '1', 'CHEM', '0104', 'V', 'A', 'DSC', 'M', 'Discussion', '0.000', '0.000', 'S', NULL, NULL, 'D1', 'Y', 'N', NULL, '7', '0', '24', '24', '5', '19', '0.000', '5', '2009-02-20', '2008-11-10', '2009-02-09', '2009-05-08', '14', NULL, '0', '0', '0', NULL, NULL, NULL, '0.000', NULL, NULL, '1969-12-31', '1969-12-31', '1969-12-31', '1969-12-31', '0', 'Y', 'N', NULL, NULL, NULL, NULL, '1969-12-31', '1969-12-31', '1969-12-31', '1969-12-31', NULL, NULL, '0', 'Banner', 'WWW_USER', NULL),
('200924', '20016', '1', 'CHEM', '0104', 'A', 'I', 'LCT', 'M', NULL, '1.000', '1.000', 'S', NULL, NULL, 'L1', 'Y', 'Y', NULL, '0', '52', '76', '72', '0', '72', '0.000', '0', '2009-02-20', '2008-12-15', '2009-02-09', '2009-05-08', '14', NULL, '0', '0', '0', '1.000', NULL, NULL, '1.000', 'E', NULL, '1969-12-31', '1969-12-31', '1969-12-31', '1969-12-31', '0', 'Y', 'N', NULL, NULL, NULL, NULL, '1969-12-31', '1969-12-31', '1969-12-31', '1969-12-31', NULL, NULL, '0', 'Banner', 'JFEEHAN', NULL),
('200924', '20020', '1', 'CHEM', '0104', 'W', 'I', 'LAB', 'M', 'General Chemistry II Lab', '0.000', '0.000', 'C', NULL, NULL, 'B1', 'Y', 'Y', NULL, '0', '14', '18', '18', '0', '18', '0.000', '0', '2009-02-20', '2008-12-15', '2009-02-09', '2009-05-08', '14', NULL, '0', '0', '0', '0.000', NULL, NULL, '0.000', NULL, NULL, '1969-12-31', '1969-12-31', '1969-12-31', '1969-12-31', '0', 'Y', 'N', NULL, NULL, NULL, NULL, '1969-12-31', '1969-12-31', '1969-12-31', '1969-12-31', NULL, NULL, '0', 'Banner', 'JFEEHAN', NULL),
('200924', '20022', '1', 'CHEM', '0104', 'Y', 'I', 'LAB', 'M', 'General Chemistry II Lab', '0.000', '0.000', 'C', NULL, NULL, 'B1', 'Y', 'Y', NULL, '0', '10', '18', '18', '0', '18', '0.000', '0', '2009-02-20', '2008-12-15', '2009-02-09', '2009-05-08', '14', NULL, '0', '0', '0', '0.000', NULL, NULL, '0.000', NULL, NULL, '1969-12-31', '1969-12-31', '1969-12-31', '1969-12-31', '0', 'Y', 'N', NULL, NULL, NULL, NULL, '1969-12-31', '1969-12-31', '1969-12-31', '1969-12-31', NULL, NULL, '0', 'Banner', 'JFEEHAN', NULL),
('200924', '20489', '1', 'CHEM', '0104', 'X', 'I', 'LAB', 'M', 'General Chemistry II Lab', '0.000', '0.000', 'C', NULL, NULL, 'B1', 'Y', 'Y', NULL, '0', '18', '18', '18', '0', '18', '0.000', '0', '2009-02-20', '2008-12-15', '2009-02-09', '2009-05-08', '14', NULL, '0', '0', '0', '0.000', NULL, NULL, '0.000', NULL, NULL, '1969-12-31', '1969-12-31', '1969-12-31', '1969-12-31', '0', 'Y', 'N', NULL, NULL, NULL, NULL, '1969-12-31', '1969-12-31', '1969-12-31', '1969-12-31', NULL, NULL, '0', 'Banner', 'JFEEHAN', NULL),
('200924', '20492', '1', 'CHEM', '0104', 'Z', 'I', 'LAB', 'M', 'General Chemistry II Lab', '0.000', '0.000', 'C', NULL, NULL, 'B1', 'Y', 'Y', NULL, '0', '10', '18', '18', '0', '18', '0.000', '0', '2009-02-20', '2008-12-15', '2009-02-09', '2009-05-08', '14', NULL, '0', '0', '0', '0.000', NULL, NULL, '0.000', NULL, NULL, '1969-12-31', '1969-12-31', '1969-12-31', '1969-12-31', '0', 'Y', 'N', NULL, NULL, NULL, NULL, '1969-12-31', '1969-12-31', '1969-12-31', '1969-12-31', NULL, NULL, '0', 'Banner', 'JFEEHAN', NULL),
('200924', '22357', '1', 'CHEM', '0104', 'T', 'I', 'DSC', 'M', 'Discussion', '0.000', '0.000', 'S', NULL, NULL, 'D1', 'Y', 'N', NULL, '0', '24', '24', '24', '0', '24', '0.000', '0', '2009-02-20', '2008-12-15', '2009-02-09', '2009-05-08', '14', NULL, '0', '0', '0', NULL, NULL, NULL, '0.000', NULL, NULL, '1969-12-31', '1969-12-31', '1969-12-31', '1969-12-31', '0', 'Y', 'N', NULL, NULL, NULL, NULL, '1969-12-31', '1969-12-31', '1969-12-31', '1969-12-31', NULL, NULL, '0', 'Banner', 'JFEEHAN', NULL),
('200924', '22358', '1', 'CHEM', '0104', 'U', 'I', 'DSC', 'M', 'Discussion', '0.000', '0.000', 'S', NULL, NULL, 'D1', 'Y', 'N', NULL, '0', '13', '24', '24', '0', '24', '0.000', '0', '2009-02-20', '2008-12-15', '2009-02-09', '2009-05-08', '14', NULL, '0', '0', '0', NULL, NULL, NULL, '0.000', NULL, NULL, '1969-12-31', '1969-12-31', '1969-12-31', '1969-12-31', '0', 'Y', 'N', NULL, NULL, NULL, NULL, '1969-12-31', '1969-12-31', '1969-12-31', '1969-12-31', NULL, NULL, '0', 'Banner', 'JFEEHAN', NULL),
('200924', '22359', '1', 'CHEM', '0104', 'V', 'I', 'DSC', 'M', 'Discussion', '0.000', '0.000', 'S', NULL, NULL, 'D1', 'Y', 'N', NULL, '0', '15', '24', '24', '0', '24', '0.000', '0', '2009-02-20', '2008-12-15', '2009-02-09', '2009-05-08', '14', NULL, '0', '0', '0', NULL, NULL, NULL, '0.000', NULL, NULL, '1969-12-31', '1969-12-31', '1969-12-31', '1969-12-31', '0', 'Y', 'N', NULL, NULL, NULL, NULL, '1969-12-31', '1969-12-31', '1969-12-31', '1969-12-31', NULL, NULL, '0', 'Banner', 'JFEEHAN', NULL),
('200925', '20016', '1', 'CHEM', '0104', 'A', 'A', 'LCT', 'M', NULL, '1.000', '1.000', 'S', NULL, NULL, 'L1', 'Y', 'Y', NULL, '1', '52', '76', '72', '1', '71', '1.000', '1', '2009-02-20', '2009-01-06', '2009-02-09', '2009-05-08', '14', NULL, '0', '0', '0', '1.000', NULL, NULL, '1.000', 'E', NULL, '1969-12-31', '1969-12-31', '1969-12-31', '1969-12-31', '0', 'Y', 'N', NULL, NULL, NULL, NULL, '1969-12-31', '1969-12-31', '1969-12-31', '1969-12-31', NULL, NULL, '0', 'Banner', 'WWW_USER', NULL),
('200925', '20020', '1', 'CHEM', '0104', 'W', 'I', 'LAB', 'M', 'General Chemistry II Lab', '0.000', '0.000', 'C', NULL, NULL, 'B1', 'Y', 'Y', NULL, '0', '14', '18', '18', '0', '18', '0.000', '0', '2009-02-20', '2008-12-15', '2009-02-09', '2009-05-08', '14', NULL, '0', '0', '0', '0.000', NULL, NULL, '0.000', NULL, NULL, '1969-12-31', '1969-12-31', '1969-12-31', '1969-12-31', '0', 'Y', 'N', NULL, NULL, NULL, NULL, '1969-12-31', '1969-12-31', '1969-12-31', '1969-12-31', NULL, NULL, '0', 'Banner', 'JFEEHAN', NULL),
('200925', '20022', '1', 'CHEM', '0104', 'Y', 'I', 'LAB', 'M', 'General Chemistry II Lab', '0.000', '0.000', 'C', NULL, NULL, 'B1', 'Y', 'Y', NULL, '0', '10', '18', '18', '0', '18', '0.000', '0', '2009-02-20', '2008-12-15', '2009-02-09', '2009-05-08', '14', NULL, '0', '0', '0', '0.000', NULL, NULL, '0.000', NULL, NULL, '1969-12-31', '1969-12-31', '1969-12-31', '1969-12-31', '0', 'Y', 'N', NULL, NULL, NULL, NULL, '1969-12-31', '1969-12-31', '1969-12-31', '1969-12-31', NULL, NULL, '0', 'Banner', 'JFEEHAN', NULL),
('200925', '20489', '1', 'CHEM', '0104', 'X', 'I', 'LAB', 'M', 'General Chemistry II Lab', '0.000', '0.000', 'C', NULL, NULL, 'B1', 'Y', 'Y', NULL, '0', '18', '18', '18', '0', '18', '0.000', '0', '2009-02-20', '2008-12-15', '2009-02-09', '2009-05-08', '14', NULL, '0', '0', '0', '0.000', NULL, NULL, '0.000', NULL, NULL, '1969-12-31', '1969-12-31', '1969-12-31', '1969-12-31', '0', 'Y', 'N', NULL, NULL, NULL, NULL, '1969-12-31', '1969-12-31', '1969-12-31', '1969-12-31', NULL, NULL, '0', 'Banner', 'JFEEHAN', NULL),
('200925', '20492', '1', 'CHEM', '0104', 'Z', 'I', 'LAB', 'M', 'General Chemistry II Lab', '0.000', '0.000', 'C', NULL, NULL, 'B1', 'Y', 'Y', NULL, '0', '10', '18', '18', '0', '18', '0.000', '0', '2009-02-20', '2008-12-15', '2009-02-09', '2009-05-08', '14', NULL, '0', '0', '0', '0.000', NULL, NULL, '0.000', NULL, NULL, '1969-12-31', '1969-12-31', '1969-12-31', '1969-12-31', '0', 'Y', 'N', NULL, NULL, NULL, NULL, '1969-12-31', '1969-12-31', '1969-12-31', '1969-12-31', NULL, NULL, '0', 'Banner', 'JFEEHAN', NULL),
('200925', '22357', '1', 'CHEM', '0104', 'T', 'I', 'DSC', 'M', 'Discussion', '0.000', '0.000', 'S', NULL, NULL, 'D1', 'Y', 'N', NULL, '0', '24', '24', '24', '0', '24', '0.000', '0', '2009-02-20', '2008-12-15', '2009-02-09', '2009-05-08', '14', NULL, '0', '0', '0', NULL, NULL, NULL, '0.000', NULL, NULL, '1969-12-31', '1969-12-31', '1969-12-31', '1969-12-31', '0', 'Y', 'N', NULL, NULL, NULL, NULL, '1969-12-31', '1969-12-31', '1969-12-31', '1969-12-31', NULL, NULL, '0', 'Banner', 'JFEEHAN', NULL),
('200925', '22358', '1', 'CHEM', '0104', 'U', 'I', 'DSC', 'M', 'Discussion', '0.000', '0.000', 'S', NULL, NULL, 'D1', 'Y', 'N', NULL, '0', '13', '24', '24', '0', '24', '0.000', '0', '2009-02-20', '2008-12-15', '2009-02-09', '2009-05-08', '14', NULL, '0', '0', '0', NULL, NULL, NULL, '0.000', NULL, NULL, '1969-12-31', '1969-12-31', '1969-12-31', '1969-12-31', '0', 'Y', 'N', NULL, NULL, NULL, NULL, '1969-12-31', '1969-12-31', '1969-12-31', '1969-12-31', NULL, NULL, '0', 'Banner', 'JFEEHAN', NULL),
('200925', '22359', '1', 'CHEM', '0104', 'V', 'I', 'DSC', 'M', 'Discussion', '0.000', '0.000', 'S', NULL, NULL, 'D1', 'Y', 'N', NULL, '0', '15', '24', '24', '0', '24', '0.000', '0', '2009-02-20', '2008-12-15', '2009-02-09', '2009-05-08', '14', NULL, '0', '0', '0', NULL, NULL, NULL, '0.000', NULL, NULL, '1969-12-31', '1969-12-31', '1969-12-31', '1969-12-31', '0', 'Y', 'N', NULL, NULL, NULL, NULL, '1969-12-31', '1969-12-31', '1969-12-31', '1969-12-31', NULL, NULL, '0', 'Banner', 'JFEEHAN', NULL),
('200990', '90036', '1', 'CHEM', '0104', 'A', 'A', 'LCT', 'M', NULL, '1.000', '1.000', 'S', NULL, NULL, 'L1', 'Y', 'Y', NULL, '0', '24', '48', '40', '0', '40', '0.000', '0', '2009-09-18', '2009-02-10', '2009-09-07', '2009-12-04', '14', NULL, '0', '0', '0', '1.000', NULL, NULL, '1.000', NULL, NULL, '1969-12-31', '1969-12-31', '1969-12-31', '1969-12-31', '0', 'Y', 'N', NULL, NULL, NULL, NULL, '1969-12-31', '1969-12-31', '1969-12-31', '1969-12-31', NULL, NULL, '0', 'Banner', 'JFEEHAN', NULL),
('200990', '90041', '1', 'CHEM', '0104', 'T', 'A', 'DSC', 'M', 'Discussion', '0.000', '0.000', 'S', NULL, NULL, 'D1', 'Y', 'N', NULL, '0', '24', '25', '40', '0', '40', '0.000', '0', '2009-09-18', '2009-02-10', '2009-09-07', '2009-12-04', '14', NULL, '0', '0', '0', '0.000', NULL, NULL, '0.000', NULL, NULL, '1969-12-31', '1969-12-31', '1969-12-31', '1969-12-31', '0', 'Y', 'N', NULL, NULL, NULL, NULL, '1969-12-31', '1969-12-31', '1969-12-31', '1969-12-31', NULL, NULL, '0', 'Banner', 'JFEEHAN', NULL),
('200990', '90045', '1', 'CHEM', '0104', 'W', 'A', 'LAB', 'M', 'General Chemistry II Lab', '0.000', '0.000', 'C', NULL, NULL, 'B1', 'Y', 'Y', NULL, '0', '13', '20', '20', '0', '20', '0.000', '0', '2009-09-18', '2009-02-10', '2009-09-07', '2009-12-04', '14', NULL, '0', '0', '0', '0.000', NULL, NULL, '0.000', NULL, NULL, '1969-12-31', '1969-12-31', '1969-12-31', '1969-12-31', '0', 'Y', 'N', NULL, NULL, NULL, NULL, '1969-12-31', '1969-12-31', '1969-12-31', '1969-12-31', NULL, NULL, '0', 'Banner', 'JFEEHAN', NULL),
('200990', '91245', '1', 'CHEM', '0104', 'Z', 'A', 'LAB', 'M', 'General Chemistry II Lab', '0.000', '0.000', 'C', NULL, NULL, 'B1', 'Y', 'Y', NULL, '0', '11', '20', '20', '0', '20', '0.000', '0', '2009-09-18', '2009-02-10', '2009-09-07', '2009-12-04', '14', NULL, '0', '0', '0', '0.000', NULL, NULL, '0.000', NULL, NULL, '1969-12-31', '1969-12-31', '1969-12-31', '1969-12-31', '0', 'Y', 'N', NULL, NULL, NULL, NULL, '1969-12-31', '1969-12-31', '1969-12-31', '1969-12-31', NULL, NULL, '0', 'Banner', 'JFEEHAN', NULL),
('200993', '90036', '1', 'CHEM', '0104', 'A', 'A', 'LCT', 'M', NULL, '1.000', '1.000', 'S', NULL, NULL, 'L1', 'Y', 'Y', NULL, '1', '0', '48', '40', '1', '39', '1.000', '1', '2009-09-18', '2009-04-15', '2009-09-07', '2009-12-04', '14', NULL, '0', '0', '0', '1.000', NULL, NULL, '1.000', NULL, NULL, '1969-12-31', '1969-12-31', '1969-12-31', '1969-12-31', '0', 'Y', 'N', NULL, NULL, NULL, NULL, '1969-12-31', '1969-12-31', '1969-12-31', '1969-12-31', NULL, NULL, '0', 'Banner', 'WWW_USER', NULL),
('200993', '90041', '1', 'CHEM', '0104', 'T', 'A', 'DSC', 'M', 'Discussion', '0.000', '0.000', 'S', NULL, NULL, 'D1', 'Y', 'N', NULL, '1', '0', '25', '40', '1', '39', '0.000', '1', '2009-09-18', '2009-04-15', '2009-09-07', '2009-12-04', '14', NULL, '0', '0', '0', '0.000', NULL, NULL, '0.000', NULL, NULL, '1969-12-31', '1969-12-31', '1969-12-31', '1969-12-31', '0', 'Y', 'N', NULL, NULL, NULL, NULL, '1969-12-31', '1969-12-31', '1969-12-31', '1969-12-31', NULL, NULL, '0', 'Banner', 'WWW_USER', NULL),
('200993', '90045', '1', 'CHEM', '0104', 'W', 'A', 'LAB', 'M', 'General Chemistry II Lab', '0.000', '0.000', 'C', NULL, NULL, 'B1', 'Y', 'Y', NULL, '1', '0', '20', '20', '1', '19', '0.000', '1', '2009-09-18', '2009-04-15', '2009-09-07', '2009-12-04', '14', NULL, '0', '0', '0', '0.000', NULL, NULL, '0.000', NULL, NULL, '1969-12-31', '1969-12-31', '1969-12-31', '1969-12-31', '0', 'Y', 'N', NULL, NULL, NULL, NULL, '1969-12-31', '1969-12-31', '1969-12-31', '1969-12-31', NULL, NULL, '0', 'Banner', 'WWW_USER', NULL),
('200993', '91245', '1', 'CHEM', '0104', 'Z', 'A', 'LAB', 'M', 'General Chemistry II Lab', '0.000', '0.000', 'C', NULL, NULL, 'B1', 'Y', 'Y', NULL, '0', '0', '20', '20', '0', '20', '0.000', '0', '2009-09-18', '2009-04-09', '2009-09-07', '2009-12-04', '14', NULL, '0', '0', '0', '0.000', NULL, NULL, '0.000', NULL, NULL, '1969-12-31', '1969-12-31', '1969-12-31', '1969-12-31', '0', 'Y', 'N', NULL, NULL, NULL, NULL, '1969-12-31', '1969-12-31', '1969-12-31', '1969-12-31', NULL, NULL, '0', 'Banner', 'JFEEHAN', NULL);

--
-- Dumping data for table `ssrattr`
--

-- PHYS 0201
INSERT INTO `ssrattr` (`SSRATTR_TERM_CODE`, `SSRATTR_CRN`, `SSRATTR_ATTR_CODE`, `SSRATTR_ACTIVITY_DATE`) VALUES
('200390', '90260', 'SCI', '2003-04-09'),
('200420', '20242', 'SCI', '2003-08-21'),
('200490', '90231', 'DED', '2004-03-02'),
('200490', '90231', 'SCI', '2004-02-05'),
('200590', '90193', 'DED', '2005-02-03'),
('200590', '90193', 'SCI', '2005-02-03'),
('200690', '90176', 'DED', '2006-02-15'),
('200690', '90176', 'SCI', '2006-02-15'),
('200695', '90176', 'DED', '2006-06-08'),
('200695', '90176', 'SCI', '2006-06-08'),
('200790', '90152', 'DED', '2007-02-16'),
('200790', '90152', 'SCI', '2007-02-16'),
('200793', '90152', 'DED', '2007-04-12'),
('200793', '90152', 'SCI', '2007-04-12'),
('200794', '90152', 'DED', '2007-06-13'),
('200794', '90152', 'SCI', '2007-06-13'),
('200795', '90152', 'DED', '2007-06-13'),
('200795', '90152', 'SCI', '2007-06-13'),
('200890', '90143', 'DED', '2008-02-15'),
('200890', '90143', 'SCI', '2008-02-15'),
('200893', '90143', 'DED', '2008-04-10'),
('200893', '90143', 'SCI', '2008-04-10'),
('200894', '90143', 'DED', '2008-05-27'),
('200894', '90143', 'SCI', '2008-05-27'),
('200895', '90143', 'DED', '2008-05-27'),
('200895', '90143', 'SCI', '2008-05-27'),
('200990', '90125', 'DED', '2009-02-10'),
('200990', '90125', 'SCI', '2009-02-10'),
('200993', '90125', 'DED', '2009-04-09'),
('200993', '90125', 'SCI', '2009-04-09');

-- GEOL 0250
INSERT INTO `ssrattr` (`SSRATTR_TERM_CODE`, `SSRATTR_CRN`, `SSRATTR_ATTR_CODE`, `SSRATTR_ACTIVITY_DATE`) VALUES
('200390', '90712', 'DED', '2003-04-22'),
('200390', '90712', 'SCI', '2003-04-22'),
('200420', '20661', 'DED', '2003-08-21'),
('200420', '20661', 'SCI', '2003-08-21'),
('200690', '92757', 'DED', '2006-03-07'),
('200690', '92757', 'SCI', '2006-03-07'),
('200695', '92757', 'DED', '2006-06-08'),
('200695', '92757', 'SCI', '2006-06-08'),
('200790', '92335', 'DED', '2007-02-16'),
('200790', '92335', 'SCI', '2007-02-16'),
('200890', '92418', 'DED', '2008-03-05'),
('200890', '92418', 'SCI', '2008-03-05'),
('200893', '92418', 'DED', '2008-04-10'),
('200893', '92418', 'SCI', '2008-04-10'),
('200894', '92418', 'DED', '2008-05-27'),
('200894', '92418', 'SCI', '2008-05-27'),
('200895', '92418', 'DED', '2008-05-27'),
('200895', '92418', 'SCI', '2008-05-27'),
('200990', '91632', 'DED', '2009-02-10'),
('200990', '91632', 'SCI', '2009-02-10');

-- CHEM 0104
INSERT INTO `ssrattr` (`SSRATTR_TERM_CODE`, `SSRATTR_CRN`, `SSRATTR_ATTR_CODE`, `SSRATTR_ACTIVITY_DATE`) VALUES
('200390', '90085', 'DED', '2003-04-02'),
('200390', '90085', 'SCI', '2003-04-02'),
('200420', '20073', 'DED', '2003-08-21'),
('200420', '20073', 'SCI', '2003-08-21'),
('200490', '90066', 'DED', '2004-02-05'),
('200490', '90066', 'SCI', '2004-02-05'),
('200520', '20019', 'DED', '2004-06-08'),
('200520', '20019', 'SCI', '2004-06-08'),
('200590', '90056', 'DED', '2005-02-03'),
('200590', '90056', 'SCI', '2005-02-03'),
('200620', '20017', 'DED', '2005-07-22'),
('200620', '20017', 'SCI', '2005-07-22'),
('200690', '90051', 'DED', '2006-02-15'),
('200690', '90051', 'SCI', '2006-02-15'),
('200695', '90051', 'DED', '2006-06-08'),
('200695', '90051', 'SCI', '2006-06-08'),
('200720', '20017', 'DED', '2006-07-07'),
('200720', '20017', 'SCI', '2006-07-07'),
('200723', '20017', 'DED', '2006-11-02'),
('200723', '20017', 'SCI', '2006-11-02'),
('200724', '20017', 'DED', '2006-12-20'),
('200724', '20017', 'SCI', '2006-12-20'),
('200725', '20017', 'DED', '2006-12-20'),
('200725', '20017', 'SCI', '2006-12-20'),
('200790', '90047', 'DED', '2007-02-16'),
('200790', '90047', 'SCI', '2007-02-16'),
('200793', '90047', 'DED', '2007-04-12'),
('200793', '90047', 'SCI', '2007-04-12'),
('200794', '90047', 'DED', '2007-06-13'),
('200794', '90047', 'SCI', '2007-06-13'),
('200795', '90047', 'DED', '2007-06-13'),
('200795', '90047', 'SCI', '2007-06-13'),
('200820', '20016', 'DED', '2007-07-05'),
('200820', '20016', 'SCI', '2007-07-05'),
('200823', '20016', 'DED', '2007-10-31'),
('200823', '20016', 'SCI', '2007-10-31'),
('200824', '20016', 'DED', '2007-12-11'),
('200824', '20016', 'SCI', '2007-12-11'),
('200825', '20016', 'DED', '2007-12-11'),
('200825', '20016', 'SCI', '2007-12-11'),
('200890', '90040', 'DED', '2008-02-15'),
('200890', '90040', 'SCI', '2008-02-15'),
('200893', '90040', 'DED', '2008-04-10'),
('200893', '90040', 'SCI', '2008-04-10'),
('200894', '90040', 'DED', '2008-05-27'),
('200894', '90040', 'SCI', '2008-05-27'),
('200895', '90040', 'DED', '2008-05-27'),
('200895', '90040', 'SCI', '2008-05-27'),
('200920', '20016', 'DED', '2008-07-17'),
('200920', '20016', 'SCI', '2008-07-17'),
('200920', '22357', 'DED', '2008-09-29'),
('200920', '22357', 'SCI', '2008-09-29'),
('200920', '22358', 'DED', '2008-09-29'),
('200920', '22358', 'SCI', '2008-09-29'),
('200920', '22359', 'DED', '2008-09-29'),
('200920', '22359', 'SCI', '2008-09-29'),
('200923', '20016', 'DED', '2008-10-29'),
('200923', '20016', 'SCI', '2008-10-29'),
('200923', '22357', 'DED', '2008-10-29'),
('200923', '22357', 'SCI', '2008-10-29'),
('200923', '22358', 'DED', '2008-10-29'),
('200923', '22358', 'SCI', '2008-10-29'),
('200923', '22359', 'DED', '2008-10-29'),
('200923', '22359', 'SCI', '2008-10-29'),
('200924', '20016', 'DED', '2008-12-15'),
('200924', '20016', 'SCI', '2008-12-15'),
('200924', '22357', 'DED', '2008-12-15'),
('200924', '22357', 'SCI', '2008-12-15'),
('200924', '22358', 'DED', '2008-12-15'),
('200924', '22358', 'SCI', '2008-12-15'),
('200924', '22359', 'DED', '2008-12-15'),
('200924', '22359', 'SCI', '2008-12-15'),
('200925', '20016', 'DED', '2008-12-15'),
('200925', '20016', 'SCI', '2008-12-15'),
('200925', '22357', 'DED', '2008-12-15'),
('200925', '22357', 'SCI', '2008-12-15'),
('200925', '22358', 'DED', '2008-12-15'),
('200925', '22358', 'SCI', '2008-12-15'),
('200925', '22359', 'DED', '2008-12-15'),
('200925', '22359', 'SCI', '2008-12-15'),
('200990', '90036', 'DED', '2009-02-10'),
('200990', '90036', 'SCI', '2009-02-10'),
('200993', '90036', 'DED', '2009-04-09'),
('200993', '90036', 'SCI', '2009-04-09');


--
-- Dumping data for table `stvattr`
--

INSERT INTO `stvattr` (`STVATTR_CODE`, `STVATTR_DESC`, `STVATTR_ACTIVITY_DATE`) VALUES
('AAL', ' AAL', '0000-00-00'),
('ART', ' ART', '0000-00-00'),
('CMP', ' CMP', '0000-00-00'),
('CW', ' CW', '0000-00-00'),
('DED', ' DED', '0000-00-00'),
('EUR', ' EUR', '0000-00-00'),
('HIS', ' HIS', '0000-00-00'),
('LIT', ' LIT', '0000-00-00'),
('LNG', ' LNG', '0000-00-00'),
('NOR', ' NOR', '0000-00-00'),
('OTH', ' OTH', '0000-00-00'),
('PE', ' PE', '0000-00-00'),
('PHL', ' PHL', '0000-00-00'),
('SCI', ' SCI', '0000-00-00'),
('SOC', ' SOC', '0000-00-00'),
('USA', ' USA', '0000-00-00');

--
-- Dumping data for table `stvdept`
--

INSERT INTO `stvdept` (`STVDEPT_CODE`, `STVDEPT_DESC`, `STVDEPT_ACTIVITY_DATE`, `STVDEPT_SYSTEM_REQ_IND`, `STVDEPT_VR_MSG_NO`) VALUES
('CHEM', 'Chemistry & Biochemistry', '0000-00-00', '1', NULL),
('GEOL', 'Geology', '0000-00-00', '1', NULL),
('MATH', 'Mathematics', '0000-00-00', '1', NULL),
('PHYS', 'Physics', '0000-00-00', '1', NULL);

--
-- Dumping data for table `stvsubj`
--

INSERT INTO `stvsubj` (`STVSUBJ_CODE`, `STVSUBJ_DESC`, `STVSUBJ_ACTIVITY_DATE`, `STVSUBJ_VR_MSG_NO`, `STVSUBJ_DISP_WEB_IND`) VALUES
('CHEM', 'Chem', '2004-04-01', NULL, 'Y'),
('GEOL', 'Geol', '2002-10-18', NULL, 'Y'),
('PHYS', 'Phys', '2002-10-18', NULL, 'Y');

--
-- Dumping data for table `stvterm`
--

INSERT INTO `stvterm` (`STVTERM_CODE`, `STVTERM_DESC`, `STVTERM_START_DATE`, `STVTERM_END_DATE`, `STVTERM_FA_PROC_YR`, `STVTERM_ACTIVITY_DATE`, `STVTERM_FA_TERM`, `STVTERM_FA_PERIOD`, `STVTERM_FA_END_PERIOD`, `STVTERM_ACYR_CODE`, `STVTERM_HOUSING_START_DATE`, `STVTERM_HOUSING_END_DATE`, `STVTERM_SYSTEM_REQ_IND`, `STVTERM_TRMT_CODE`) VALUES
('200390', 'Fall 2003', '2003-09-08', '2003-12-05', '0304', '2003-04-30', '1', '9', '12', '2004', '0000-00-00', '0000-00-00', NULL, 'S'),
('200420', 'Spring 2004', '2004-02-09', '2004-05-20', '0304', '2004-06-07', '3', '2', '5', '2004', '0000-00-00', '0000-00-00', NULL, 'S'),
('200490', 'Fall 2004', '2004-09-13', '2004-12-21', '0405', '2004-11-03', '1', '9', '12', '2005', '0000-00-00', '0000-00-00', NULL, 'S'),
('200520', 'Spring 2005', '2005-02-07', '2005-05-17', '0405', '2005-05-20', '3', '2', '5', '2005', '0000-00-00', '0000-00-00', NULL, 'S'),
('200590', 'Fall 2005', '2005-09-12', '2005-12-20', '0506', '2005-06-06', '1', '9', '12', '2006', '0000-00-00', '0000-00-00', NULL, 'F'),
('200620', 'Spring 2006', '2006-02-13', '2006-05-23', '0506', '2006-04-04', '3', '2', '5', '2006', '0000-00-00', '0000-00-00', NULL, 'S'),
('200690', 'Fall 2006', '2006-09-11', '2006-12-19', '0607', '2006-04-04', '1', '9', '12', '2007', '0000-00-00', '0000-00-00', NULL, 'S'),
('200695', 'FY Preferences,ADVISING ONLY', '2006-09-11', '2006-12-19', '0607', '2006-06-06', '1', '9', '12', '2007', '0000-00-00', '0000-00-00', NULL, 'S'),
('200720', 'Spring 2007', '2007-02-12', '2007-05-22', '0607', '2006-11-27', '3', '2', '5', '2007', '0000-00-00', '0000-00-00', NULL, 'S'),
('200723', 'Spring 07 Round 1-Check Status', '2007-02-12', '2007-05-22', '0607', '2006-11-02', '3', '2', '5', '2007', '0000-00-00', '0000-00-00', NULL, 'S'),
('200724', 'First Year Seminar Choices', '2007-02-12', '2007-05-22', '0607', '2006-12-20', '3', '2', '5', '2007', '0000-00-00', '0000-00-00', NULL, 'S'),
('200725', 'FY Preferences, ADVISING ONLY', '2007-02-12', '2007-05-22', '0607', '2006-12-20', '3', '2', '5', '2007', '0000-00-00', '0000-00-00', NULL, 'S'),
('200790', 'Fall 2007', '2007-09-10', '2007-12-18', '0708', '2007-07-10', '1', '9', '12', '2008', '0000-00-00', '0000-00-00', NULL, 'S'),
('200793', 'Fall 07 Round 1-Check Status', '2007-09-10', '2007-12-18', '0708', '2007-04-10', '1', '9', '12', '2008', '0000-00-00', '0000-00-00', NULL, 'S'),
('200794', 'First Year Seminar Choices', '2007-09-10', '2007-12-18', '0708', '2007-06-13', '1', '9', '12', '2008', '0000-00-00', '0000-00-00', NULL, 'S'),
('200795', 'FY Preferences,ADVISING ONLY', '2007-09-10', '2007-12-18', '0708', '2007-06-13', '1', '9', '12', '2008', '0000-00-00', '0000-00-00', NULL, 'S'),
('200820', 'Spring 2008', '2008-02-11', '2008-05-20', '0708', '2007-07-05', '3', '2', '5', '2008', '0000-00-00', '0000-00-00', NULL, 'S'),
('200823', 'Spring 08 Round 1-Check Status', '2008-02-11', '2008-05-20', '0708', '2007-10-25', '3', '2', '5', '2008', '0000-00-00', '0000-00-00', NULL, 'S'),
('200824', 'First Year Seminar Choices', '2008-02-11', '2008-05-20', '0708', '2007-12-11', '3', '2', '5', '2008', '0000-00-00', '0000-00-00', NULL, 'S'),
('200825', 'FY Preferences, ADVISING ONLY', '2008-02-11', '2008-05-20', '0708', '2007-12-11', '3', '2', '5', '2008', '0000-00-00', '0000-00-00', NULL, 'S'),
('200890', 'Fall 2008', '2008-09-08', '2008-12-16', '0809', '2008-03-27', '1', '9', '12', '2009', '0000-00-00', '0000-00-00', NULL, 'S'),
('200893', 'Fall 08: Round 1 -Check Status', '2008-09-08', '2008-12-16', '0809', '2008-04-04', '1', '9', '12', '2009', '0000-00-00', '0000-00-00', NULL, 'S'),
('200894', 'First Year Seminar Choices', '2008-09-08', '2008-12-16', '0809', '2008-05-27', '1', '9', '12', '2009', '0000-00-00', '0000-00-00', NULL, 'S'),
('200895', 'FY Preferences,ADVISING ONLY', '2008-09-08', '2008-12-16', '0809', '2008-05-27', '1', '9', '12', '2009', '0000-00-00', '0000-00-00', NULL, 'S'),
('200920', 'Spring 2009', '2009-02-09', '2009-05-19', '0809', '2008-07-17', '3', '2', '5', '2009', '0000-00-00', '0000-00-00', NULL, 'S'),
('200923', 'Spring 09 Round 1-Check Status', '2009-02-09', '2009-05-19', '0809', '2008-10-29', '3', '2', '5', '2009', '0000-00-00', '0000-00-00', NULL, 'S'),
('200924', 'First Year Seminar Choices', '2009-02-09', '2009-05-19', '0809', '2008-12-15', '3', '2', '5', '2009', '0000-00-00', '0000-00-00', NULL, 'S'),
('200925', 'FY Preferences,ADVISING ONLY', '2009-02-09', '2009-05-19', '0809', '2008-12-15', '3', '2', '5', '2009', '0000-00-00', '0000-00-00', NULL, 'S'),
('200990', 'Fall 2009', '2009-09-07', '2009-12-15', '0910', '2009-04-01', '1', '9', '12', '2010', '0000-00-00', '0000-00-00', NULL, 'S'),
('200993', 'Fall 09: Round 1 -Check Status', '2009-09-07', '2009-12-15', '0910', '2009-04-01', '1', '9', '12', '2010', '0000-00-00', '0000-00-00', NULL, 'S');


